Edge	Weight	FractionOfOptimalForestsContaining
YAL041W (pp) YER118C	0.5	1.0
YBL105C (pd) YJL095W	0.5	1.0
YBL105C (pd) YLR133W	0.5	1.0
YBL105C (pd) YNL068C	0.5	0.0
YBL105C (pd) YOR372C	0.5	0.0
YBR023C (pp) YER118C	0.5	1.0
YBR059C (pd) YBL047C	0.5	0.0
YBR059C (pd) YDR229W	0.5	0.0
YBR059C (pd) YDR239C	0.5	0.0
YBR059C (pd) YER131W	0.5	0.0
YBR059C (pd) YFR024CA	0.5	0.0
YBR059C (pd) YGL153W	0.5	0.0
YBR059C (pd) YGR159C	0.5	0.0
YBR059C (pd) YGR240C	0.5	0.0
YBR059C (pd) YIL091C	0.5	0.0
YBR059C (pd) YJL084C	0.5	0.0
YBR059C (pd) YKR092C	0.5	0.0
YBR059C (pd) YLL018C	0.5	0.0
YBR059C (pd) YLR206W	0.5	1.0
YBR059C (pd) YNL027W	0.5	0.0
YBR059C (pd) YNL227C	0.5	0.0
YBR059C (pd) YNL272C	0.5	0.0
YBR059C (pd) YNL277W	0.5	0.0
YBR059C (pd) YOR054C	0.5	0.0
YBR059C (pd) YOR239W	0.5	0.0
YBR059C (pd) YOR329C	0.5	0.0
YBR059C (pd) YPL106C	0.5	0.0
YBR160W (pd) YAL019W	0.5	1.0
YBR160W (pd) YAL024C	0.5	1.0
YBR160W (pd) YAL031C	0.5	1.0
YBR160W (pd) YAR002W	0.5	1.0
YBR160W (pd) YBL007C	0.5	1.0
YBR160W (pd) YBL063W	0.5	1.0
YBR160W (pd) YBL105C	0.5	1.0
YBR160W (pd) YBR038W	0.5	1.0
YBR160W (pd) YBR060C	0.5	1.0
YBR160W (pd) YBR098W	0.5	0.0
YBR160W (pd) YBR102C	0.5	1.0
YBR160W (pd) YBR156C	0.5	1.0
YBR160W (pd) YBR200W	0.5	1.0
YBR160W (pd) YCL014W	0.5	1.0
YBR160W (pd) YCL051W	0.5	1.0
YBR160W (pd) YCL063W	0.5	1.0
YBR160W (pd) YCR065W	0.5	1.0
YBR160W (pd) YDL025C	0.5	0.0
YBR160W (pd) YDL028C	0.5	1.0
YBR160W (pd) YDL070W	0.5	1.0
YBR160W (pd) YDL089W	0.5	1.0
YBR160W (pd) YDL140C	0.5	0.0
YBR160W (pd) YDL189W	0.5	1.0
YBR160W (pd) YDL220C	0.5	1.0
YBR160W (pd) YDL225W	0.5	1.0
YBR160W (pd) YDR001C	0.5	1.0
YBR160W (pd) YDR027C	0.5	1.0
YBR160W (pd) YDR052C	0.5	0.0
YBR160W (pd) YDR093W	0.5	1.0
YBR160W (pd) YDR097C	0.5	1.0
YBR160W (pd) YDR130C	0.5	1.0
YBR160W (pd) YDR146C	0.5	1.0
YBR160W (pd) YDR217C	0.5	1.0
YBR160W (pd) YDR227W	0.5	1.0
YBR160W (pd) YDR239C	0.5	1.0
YBR160W (pd) YDR293C	0.5	0.0
YBR160W (pd) YDR309C	0.5	1.0
YBR160W (pd) YDR330W	0.5	1.0
YBR160W (pd) YDR348C	0.5	1.0
YBR160W (pd) YDR356W	0.5	1.0
YBR160W (pd) YDR379W	0.5	1.0
YBR160W (pd) YDR389W	0.5	1.0
YBR160W (pd) YDR439W	0.5	1.0
YBR160W (pd) YDR451C	0.5	0.0
YBR160W (pd) YDR507C	0.5	1.0
YBR160W (pd) YEL032W	0.5	1.0
YBR160W (pd) YEL061C	0.5	1.0
YBR160W (pd) YER008C	0.5	1.0
YBR160W (pd) YER032W	0.5	1.0
YBR160W (pd) YER041W	0.5	1.0
YBR160W (pd) YER111C	0.5	1.0
YBR160W (pd) YER129W	0.5	1.0
YBR160W (pd) YER158C	0.5	1.0
YBR160W (pd) YER167W	0.5	1.0
YBR160W (pd) YFL029C	0.5	1.0
YBR160W (pd) YFR027W	0.5	1.0
YBR160W (pd) YGL003C	0.5	0.0
YBR160W (pd) YGL075C	0.5	1.0
YBR160W (pd) YGL113W	0.5	1.0
YBR160W (pd) YGL124C	0.5	1.0
YBR160W (pd) YGR014W	0.5	1.0
YBR160W (pd) YGR092W	0.5	1.0
YBR160W (pd) YGR186W	0.5	1.0
YBR160W (pd) YGR188C	0.5	1.0
YBR160W (pd) YGR238C	0.5	1.0
YBR160W (pd) YGR270W	0.5	1.0
YBR160W (pd) YHL007C	0.5	1.0
YBR160W (pd) YHR118C	0.5	1.0
YBR160W (pd) YHR149C	0.5	1.0
YBR160W (pd) YHR158C	0.5	1.0
YBR160W (pd) YHR159W	0.5	1.0
YBR160W (pd) YHR164C	0.5	1.0
YBR160W (pd) YIL031W	0.5	1.0
YBR160W (pd) YIL106W	0.5	1.0
YBR160W (pd) YIL112W	0.5	1.0
YBR160W (pd) YIL122W	0.5	1.0
YBR160W (pd) YIL135C	0.5	0.0
YBR160W (pd) YIL140W	0.5	1.0
YBR160W (pd) YIR023W	0.5	1.0
YBR160W (pd) YJL051W	0.5	1.0
YBR160W (pd) YJL076W	0.5	0.0
YBR160W (pd) YJL084C	0.5	1.0
YBR160W (pd) YJL092W	0.5	1.0
YBR160W (pd) YJL115W	0.5	1.0
YBR160W (pd) YJL157C	0.5	1.0
YBR160W (pd) YJR033C	0.5	1.0
YBR160W (pd) YJR059W	0.5	1.0
YBR160W (pd) YJR083C	0.5	1.0
YBR160W (pd) YJR091C	0.5	1.0
YBR160W (pd) YJR092W	0.5	0.0
YBR160W (pd) YKL042W	0.5	1.0
YBR160W (pd) YKL043W	0.5	1.0
YBR160W (pd) YKL048C	0.5	1.0
YBR160W (pd) YKL052C	0.5	1.0
YBR160W (pd) YKL108W	0.5	1.0
YBR160W (pd) YKL116C	0.5	1.0
YBR160W (pd) YKL129C	0.5	0.0
YBR160W (pd) YKL168C	0.5	1.0
YBR160W (pd) YKL185W	0.5	1.0
YBR160W (pd) YKR089C	0.5	1.0
YBR160W (pd) YKR090W	0.5	1.0
YBR160W (pd) YKR091W	0.5	1.0
YBR160W (pd) YKR095W	0.5	1.0
YBR160W (pd) YLL021W	0.5	1.0
YBR160W (pd) YLR006C	0.5	1.0
YBR160W (pd) YLR045C	0.5	0.0
YBR160W (pd) YLR086W	0.5	1.0
YBR160W (pd) YLR096W	0.5	1.0
YBR160W (pd) YLR102C	0.5	1.0
YBR160W (pd) YLR131C	0.5	1.0
YBR160W (pd) YLR182W	0.5	1.0
YBR160W (pd) YLR187W	0.5	1.0
YBR160W (pd) YLR190W	0.5	1.0
YBR160W (pd) YLR219W	0.5	1.0
YBR160W (pd) YLR223C	0.5	1.0
YBR160W (pd) YLR278C	0.5	1.0
YBR160W (pd) YLR314C	0.5	1.0
YBR160W (pd) YLR319C	0.5	1.0
YBR160W (pd) YLR425W	0.5	1.0
YBR160W (pd) YLR455W	0.5	1.0
YBR160W (pd) YLR457C	0.5	1.0
YBR160W (pd) YML027W	0.5	1.0
YBR160W (pd) YML034W	0.5	1.0
YBR160W (pd) YML119W	0.5	1.0
YBR160W (pd) YMR001C	0.5	1.0
YBR160W (pd) YMR005W	0.5	1.0
YBR160W (pd) YMR032W	0.5	0.0
YBR160W (pd) YMR036C	0.5	1.0
YBR160W (pd) YMR129W	0.5	1.0
YBR160W (pd) YMR155W	0.5	1.0
YBR160W (pd) YMR165C	0.5	0.0
YBR160W (pd) YMR273C	0.5	1.0
YBR160W (pd) YMR291W	0.5	1.0
YBR160W (pd) YNL042W	0.5	1.0
YBR160W (pd) YNL058C	0.5	1.0
YBR160W (pd) YNL068C	0.5	0.0
YBR160W (pd) YNL102W	0.5	0.0
YBR160W (pd) YNL152W	0.5	1.0
YBR160W (pd) YNL233W	0.5	1.0
YBR160W (pd) YNL271C	0.5	1.0
YBR160W (pd) YNL272C	0.5	0.0
YBR160W (pd) YNL278W	0.5	1.0
YBR160W (pd) YNL309W	0.5	1.0
YBR160W (pd) YNL321W	0.5	1.0
YBR160W (pd) YNR047W	0.5	1.0
YBR160W (pd) YOL036W	0.5	1.0
YBR160W (pd) YOL070C	0.5	1.0
YBR160W (pd) YOL100W	0.5	1.0
YBR160W (pd) YOR001W	0.5	1.0
YBR160W (pd) YOR014W	0.5	1.0
YBR160W (pd) YOR058C	0.5	0.0
YBR160W (pd) YOR081C	0.5	1.0
YBR160W (pd) YOR083W	0.5	1.0
YBR160W (pd) YOR104W	0.5	1.0
YBR160W (pd) YOR127W	0.5	1.0
YBR160W (pd) YOR188W	0.5	1.0
YBR160W (pd) YOR195W	0.5	0.0
YBR160W (pd) YOR315W	0.5	1.0
YBR160W (pd) YOR372C	0.5	1.0
YBR160W (pd) YOR373W	0.5	1.0
YBR160W (pd) YPL115C	0.5	1.0
YBR160W (pd) YPL124W	0.5	1.0
YBR160W (pd) YPL127C	0.5	0.0
YBR160W (pd) YPL150W	0.5	1.0
YBR160W (pd) YPL153C	0.5	1.0
YBR160W (pd) YPL155C	0.5	1.0
YBR160W (pd) YPL194W	0.5	0.0
YBR160W (pd) YPL209C	0.5	1.0
YBR160W (pd) YPL255W	0.5	1.0
YBR160W (pd) YPL267W	0.5	1.0
YBR160W (pd) YPL269W	0.5	1.0
YBR160W (pd) YPR018W	0.5	1.0
YBR160W (pd) YPR111W	0.5	1.0
YBR160W (pd) YPR141C	0.5	1.0
YBR160W (pd) YPR160W	0.5	1.0
YBR160W (pd) YPR171W	0.5	1.0
YBR160W (pd) YPR174C	0.5	1.0
YCL032W (pp) YER118C	0.5	0.0
YCL032W (pd) YJL128C	0.5	0.0
YCL032W (pd) YLR006C	0.5	0.0
YCL032W (pd) YNR031C	0.5	1.0
YCL032W (pp) YPR075C	0.5	0.0
YDL003W (pd) YGL190C	0.5	1.0
YDL013W (pd) YDR397C	0.5	1.0
YDL013W (pd) YDR510W	0.5	0.0
YDL028C (pd) YAL047C	0.5	0.0
YDL028C (pd) YDR356W	0.5	0.0
YDL028C (pd) YGL086W	0.5	1.0
YDL028C (pd) YGL093W	0.5	1.0
YDL028C (pd) YIL106W	0.5	0.0
YDL028C (pd) YIL144W	0.5	0.0
YDL028C (pd) YJL084C	0.5	0.0
YDL028C (pd) YKL042W	0.5	0.0
YDL028C (pd) YNL116W	0.5	1.0
YDL028C (pd) YPL124W	0.5	0.0
YDL108W (pd) YDL140C	0.5	1.0
YDL108W (pd) YDL166C	0.5	1.0
YDL108W (pd) YLR071C	0.5	1.0
YDL108W (pd) YOR174W	0.5	1.0
YDL117W (pp) YER118C	0.5	1.0
YDL225W (pd) YDR510W	0.5	0.0
YDR054C (pd) YGR140W	0.5	0.0
YDR054C (pd) YJL157C	0.5	0.0
YDR054C (pd) YNL103W	0.5	1.0
YDR227W (pd) YBR009C	0.5	0.0
YDR264C (pd) YKR007W	0.5	1.0
YDR388W (pp) YIL147C	0.5	1.0
YDR420W (pp) YER118C	0.5	1.0
YDR420W (pp) YHR154W	0.5	1.0
YDR420W (pp) YOR153W	0.5	1.0
YDR477W (pd) YAR014C	0.5	0.0
YDR477W (pd) YBR118W	0.5	0.0
YDR477W (pd) YBR130C	0.5	1.0
YDR477W (pd) YDL025C	0.5	0.0
YDR477W (pd) YDL051W	0.5	1.0
YDR477W (pd) YDL070W	0.5	0.0
YDR477W (pd) YDL220C	0.5	0.0
YDR477W (pd) YDL225W	0.5	0.0
YDR477W (pd) YDR293C	0.5	0.0
YDR477W (pd) YDR422C	0.5	1.0
YDR477W (pd) YER027C	0.5	0.0
YDR477W (pd) YER028C	0.5	1.0
YDR477W (pd) YER040W	0.5	1.0
YDR477W (pd) YER122C	0.5	0.0
YDR477W (pd) YER125W	0.5	0.0
YDR477W (pd) YFR010W	0.5	0.0
YDR477W (pd) YGL023C	0.5	0.0
YDR477W (pd) YGL035C	0.5	0.0
YDR477W (pd) YGL073W	0.5	0.0
YDR477W (pd) YGL253W	0.5	1.0
YDR477W (pd) YHR073W	0.5	0.0
YDR477W (pd) YHR103W	0.5	1.0
YDR477W (pd) YHR117W	0.5	1.0
YDR477W (pd) YHR133C	0.5	0.0
YDR477W (pd) YHR205W	0.5	1.0
YDR477W (pd) YIL044C	0.5	0.0
YDR477W (pd) YIL107C	0.5	1.0
YDR477W (pd) YIL112W	0.5	0.0
YDR477W (pd) YJL033W	0.5	0.0
YDR477W (pd) YJL080C	0.5	1.0
YDR477W (pd) YJL084C	0.5	0.0
YDR477W (pd) YJL110C	0.5	1.0
YDR477W (pd) YKL079W	0.5	1.0
YDR477W (pd) YKL121W	0.5	1.0
YDR477W (pd) YKR022C	0.5	1.0
YDR477W (pd) YKR071C	0.5	0.0
YDR477W (pd) YLR150W	0.5	0.0
YDR477W (pd) YLR192C	0.5	0.0
YDR477W (pd) YML062C	0.5	0.0
YDR477W (pd) YML111W	0.5	0.0
YDR477W (pd) YMR037C	0.5	0.0
YDR477W (pd) YMR102C	0.5	0.0
YDR477W (pd) YMR165C	0.5	0.0
YDR477W (pd) YMR205C	0.5	1.0
YDR477W (pd) YNL227C	0.5	1.0
YDR477W (pd) YNL272C	0.5	0.0
YDR477W (pd) YNR013C	0.5	0.0
YDR477W (pd) YNR016C	0.5	1.0
YDR477W (pd) YOL059W	0.5	1.0
YDR477W (pd) YOR018W	0.5	1.0
YDR477W (pd) YOR054C	0.5	1.0
YDR477W (pd) YOR123C	0.5	0.0
YDR477W (pd) YOR198C	0.5	1.0
YDR477W (pd) YOR216C	0.5	1.0
YDR477W (pd) YOR340C	0.5	0.0
YDR477W (pd) YPL146C	0.5	0.0
YDR477W (pd) YPR115W	0.5	1.0
YDR477W (pd) YPR143W	0.5	0.0
YDR477W (pd) YPR156C	0.5	1.0
YDR477W (pd) YPR171W	0.5	0.0
YDR507C (pd) YCL032W	0.5	1.0
YDR507C (pd) YDL225W	0.5	0.0
YDR507C (pd) YMR086W	0.5	1.0
YDR510W (pd) YGR140W	0.5	1.0
YDR510W (pd) YNL088W	0.5	1.0
YER089C (pd) YLR113W	0.5	0.0
YER116C (pd) YDR510W	0.5	0.0
YER118C (pp) YGR014W	0.5	0.0
YER118C (pp) YJL128C	0.5	0.0
YER118C (pp) YLR362W	0.5	0.0
YER118C (pp) YLR452C	0.5	1.0
YER118C (pp) YMR032W	0.5	0.0
YER118C (pp) YNL152W	0.5	0.0
YER118C (pp) YOR181W	0.5	0.0
YER118C (pp) YOR188W	0.5	0.0
YER118C (pp) YOR208W	0.5	1.0
YER118C (pp) YPR032W	0.5	0.0
YER125W (pd) YBL101C	0.5	1.0
YER125W (pd) YBR290W	0.5	1.0
YER125W (pd) YDL140C	0.5	0.0
YER125W (pd) YDR388W	0.5	1.0
YER125W (pd) YDR432W	0.5	1.0
YER125W (pd) YFL001W	0.5	0.0
YER125W (pd) YGR068C	0.5	1.0
YER125W (pd) YGR136W	0.5	1.0
YER125W (pd) YHL024W	0.5	0.0
YER125W (pd) YHR131C	0.5	0.0
YER125W (pd) YIR033W	0.5	1.0
YER125W (pd) YJL084C	0.5	0.0
YER125W (pd) YKR021W	0.5	1.0
YER125W (pd) YML111W	0.5	1.0
YER125W (pd) YMR275C	0.5	1.0
YER125W (pd) YNL271C	0.5	0.0
YER125W (pd) YOR018W	0.5	0.0
YER125W (pd) YPR181C	0.5	0.0
YER129W (pd) YDR477W	0.5	0.0
YER129W (pd) YER027C	0.5	1.0
YER129W (pd) YGL035C	0.5	1.0
YER133W (pd) YAL043C	0.5	0.0
YER133W (pd) YDR477W	0.5	0.0
YER133W (pd) YIR006C	0.5	0.0
YER133W (pd) YJR093C	0.5	1.0
YER133W (pd) YLR277C	0.5	1.0
YER133W (pd) YMR037C	0.5	0.0
YER133W (pd) YOR329C	0.5	1.0
YER151C (pd) YDL140C	0.5	0.0
YER151C (pd) YLR167W	0.5	1.0
YER151C (pd) YPR181C	0.5	1.0
YFL029C (pd) YDL108W	0.5	1.0
YFL029C (pd) YJL106W	0.5	1.0
YFL029C (pd) YKL139W	0.5	1.0
YFL029C (pd) YPR161C	0.5	1.0
YFL033C (pd) YER151C	0.5	0.0
YFL033C (pd) YHR132WA	0.5	1.0
YFL033C (pd) YMR155W	0.5	0.0
YFL033C (pd) YNL157W	0.5	1.0
YFL033C (pd) YOR380W	0.5	1.0
YFL033C (pd) YPL031C	0.5	1.0
YFR014C (pd) YBL047C	0.5	0.0
YFR014C (pd) YBR001C	0.5	1.0
YFR014C (pd) YBR109C	0.5	0.0
YFR014C (pd) YCL029C	0.5	0.0
YFR014C (pd) YDR001C	0.5	0.0
YFR014C (pd) YDR169C	0.5	1.0
YFR014C (pd) YDR328C	0.5	0.0
YFR014C (pd) YEL017W	0.5	0.0
YFR014C (pd) YER054C	0.5	1.0
YFR014C (pd) YER131W	0.5	0.0
YFR014C (pd) YER157W	0.5	1.0
YFR014C (pd) YFR010W	0.5	0.0
YFR014C (pd) YFR017C	0.5	0.0
YFR014C (pd) YGL023C	0.5	1.0
YFR014C (pd) YGL073W	0.5	1.0
YFR014C (pd) YGR130C	0.5	0.0
YFR014C (pd) YGR159C	0.5	0.0
YFR014C (pd) YHR090C	0.5	0.0
YFR014C (pd) YHR117W	0.5	0.0
YFR014C (pd) YHR182W	0.5	0.0
YFR014C (pd) YIL107C	0.5	0.0
YFR014C (pd) YIR003W	0.5	0.0
YFR014C (pd) YJL084C	0.5	0.0
YFR014C (pd) YJL136C	0.5	1.0
YFR014C (pd) YJL146W	0.5	0.0
YFR014C (pd) YJR001W	0.5	0.0
YFR014C (pd) YJR072C	0.5	1.0
YFR014C (pd) YJR076C	0.5	0.0
YFR014C (pd) YKL042W	0.5	0.0
YFR014C (pd) YKL064W	0.5	1.0
YFR014C (pd) YKL127W	0.5	1.0
YFR014C (pd) YKR071C	0.5	0.0
YFR014C (pd) YKR092C	0.5	1.0
YFR014C (pd) YLL024C	0.5	0.0
YFR014C (pd) YLL028W	0.5	0.0
YFR014C (pd) YLL043W	0.5	0.0
YFR014C (pd) YLR102C	0.5	0.0
YFR014C (pd) YLR319C	0.5	0.0
YFR014C (pd) YLR457C	0.5	0.0
YFR014C (pd) YML062C	0.5	0.0
YFR014C (pd) YMR049C	0.5	0.0
YFR014C (pd) YMR140W	0.5	0.0
YFR014C (pd) YMR165C	0.5	0.0
YFR014C (pd) YMR173W	0.5	0.0
YFR014C (pd) YNL027W	0.5	0.0
YFR014C (pd) YNL121C	0.5	1.0
YFR014C (pd) YNL227C	0.5	0.0
YFR014C (pd) YNL267W	0.5	1.0
YFR014C (pd) YNL272C	0.5	0.0
YFR014C (pd) YOL148C	0.5	1.0
YFR014C (pd) YOR054C	0.5	0.0
YFR014C (pd) YOR092W	0.5	0.0
YFR014C (pd) YOR113W	0.5	0.0
YFR014C (pd) YOR123C	0.5	0.0
YFR014C (pd) YOR340C	0.5	0.0
YFR014C (pd) YPL133C	0.5	0.0
YFR014C (pd) YPL146C	0.5	0.0
YFR014C (pd) YPR083W	0.5	1.0
YFR014C (pd) YPR171W	0.5	0.0
YFR027W (pd) YDL003W	0.5	0.0
YFR027W (pd) YIL026C	0.5	1.0
YFR027W (pd) YMR076C	0.5	1.0
YFR028C (pd) YAL024C	0.5	0.0
YFR028C (pd) YBR060C	0.5	0.0
YFR028C (pd) YDL140C	0.5	0.0
YFR028C (pd) YDR146C	0.5	0.0
YFR028C (pd) YEL032W	0.5	0.0
YFR028C (pd) YGL003C	0.5	0.0
YFR028C (pd) YHR118C	0.5	0.0
YFR028C (pd) YJR053W	0.5	0.0
YFR028C (pd) YKL108W	0.5	0.0
YFR028C (pd) YLR182W	0.5	0.0
YFR028C (pd) YNL152W	0.5	0.0
YFR028C (pd) YOR058C	0.5	1.0
YFR028C (pd) YPL267W	0.5	0.0
YGL003C (pd) YDR451C	0.5	1.0
YGL003C (pd) YKL101W	0.5	1.0
YGL003C (pd) YPL267W	0.5	0.0
YGL035C (pp) YGR014W	0.5	0.0
YGL035C (pp) YPR075C	0.5	1.0
YGL058W (pd) YBL002W	0.5	0.0
YGL058W (pd) YDL020C	0.5	1.0
YGL180W (pd) YBL032W	0.5	1.0
YGL180W (pd) YBR086C	0.5	0.0
YGL180W (pd) YBR108W	0.5	0.0
YGL180W (pd) YBR130C	0.5	0.0
YGL180W (pd) YBR270C	0.5	1.0
YGL180W (pd) YCL014W	0.5	0.0
YGL180W (pd) YCL029C	0.5	0.0
YGL180W (pd) YDL013W	0.5	0.0
YGL180W (pd) YDL025C	0.5	0.0
YGL180W (pd) YDL051W	0.5	0.0
YGL180W (pd) YDL070W	0.5	0.0
YGL180W (pd) YDL115C	0.5	0.0
YGL180W (pd) YDL220C	0.5	0.0
YGL180W (pd) YDR037W	0.5	0.0
YGL180W (pd) YDR153C	0.5	1.0
YGL180W (pd) YDR169C	0.5	0.0
YGL180W (pd) YDR208W	0.5	1.0
YGL180W (pd) YDR239C	0.5	0.0
YGL180W (pd) YDR293C	0.5	0.0
YGL180W (pd) YDR330W	0.5	0.0
YGL180W (pd) YDR439W	0.5	0.0
YGL180W (pd) YEL017W	0.5	0.0
YGL180W (pd) YER122C	0.5	0.0
YGL180W (pd) YER125W	0.5	1.0
YGL180W (pd) YER127W	0.5	1.0
YGL180W (pd) YER131W	0.5	1.0
YGL180W (pd) YFL001W	0.5	0.0
YGL180W (pd) YFL034W	0.5	1.0
YGL180W (pd) YFR010W	0.5	0.0
YGL180W (pd) YFR024CA	0.5	1.0
YGL180W (pd) YFR029W	0.5	0.0
YGL180W (pd) YFR034C	0.5	0.0
YGL180W (pd) YGL190C	0.5	0.0
YGL180W (pd) YGL209W	0.5	0.0
YGL180W (pd) YGR126W	0.5	0.0
YGL180W (pd) YGR130C	0.5	0.0
YGL180W (pd) YGR159C	0.5	0.0
YGL180W (pd) YHL009C	0.5	1.0
YGL180W (pd) YHR009C	0.5	0.0
YGL180W (pd) YHR073W	0.5	1.0
YGL180W (pd) YHR090C	0.5	1.0
YGL180W (pd) YHR117W	0.5	0.0
YGL180W (pd) YIL091C	0.5	0.0
YGL180W (pd) YIL107C	0.5	0.0
YGL180W (pd) YIR003W	0.5	0.0
YGL180W (pd) YJL033W	0.5	1.0
YGL180W (pd) YJL084C	0.5	0.0
YGL180W (pd) YJR072C	0.5	0.0
YGL180W (pd) YJR089W	0.5	0.0
YGL180W (pd) YJR092W	0.5	0.0
YGL180W (pd) YKL042W	0.5	0.0
YGL180W (pd) YKL048C	0.5	0.0
YGL180W (pd) YKL121W	0.5	0.0
YGL180W (pd) YKL146W	0.5	0.0
YGL180W (pd) YKR048C	0.5	0.0
YGL180W (pd) YKR071C	0.5	1.0
YGL180W (pd) YKR092C	0.5	0.0
YGL180W (pd) YLL043W	0.5	0.0
YGL180W (pd) YLR003C	0.5	0.0
YGL180W (pd) YLR192C	0.5	1.0
YGL180W (pd) YLR257W	0.5	0.0
YGL180W (pd) YLR323C	0.5	1.0
YGL180W (pd) YLR350W	0.5	0.0
YGL180W (pd) YLR410W	0.5	1.0
YGL180W (pd) YLR429W	0.5	0.0
YGL180W (pd) YML007W	0.5	1.0
YGL180W (pd) YML062C	0.5	1.0
YGL180W (pd) YMR049C	0.5	0.0
YGL180W (pd) YMR140W	0.5	0.0
YGL180W (pd) YMR165C	0.5	0.0
YGL180W (pd) YMR173W	0.5	1.0
YGL180W (pd) YNL027W	0.5	0.0
YGL180W (pd) YNL149C	0.5	1.0
YGL180W (pd) YNL173C	0.5	0.0
YGL180W (pd) YNL227C	0.5	0.0
YGL180W (pd) YNL272C	0.5	0.0
YGL180W (pd) YNL293W	0.5	1.0
YGL180W (pd) YNL304W	0.5	0.0
YGL180W (pd) YOL070C	0.5	0.0
YGL180W (pd) YOL078W	0.5	1.0
YGL180W (pd) YOL123W	0.5	0.0
YGL180W (pd) YOL130W	0.5	1.0
YGL180W (pd) YOR054C	0.5	0.0
YGL180W (pd) YOR056C	0.5	0.0
YGL180W (pd) YOR083W	0.5	0.0
YGL180W (pd) YOR123C	0.5	1.0
YGL180W (pd) YOR204W	0.5	1.0
YGL180W (pd) YOR239W	0.5	1.0
YGL180W (pd) YOR340C	0.5	0.0
YGL180W (pd) YOR344C	0.5	1.0
YGL180W (pd) YPL133C	0.5	0.0
YGL180W (pd) YPL146C	0.5	1.0
YGL180W (pd) YPL181W	0.5	1.0
YGL180W (pd) YPL190C	0.5	0.0
YGL180W (pd) YPR019W	0.5	1.0
YGL180W (pd) YPR091C	0.5	0.0
YGL180W (pd) YPR115W	0.5	0.0
YGL180W (pd) YPR143W	0.5	1.0
YGL190C (pd) YMR036C	0.5	0.0
YGL209W (pp) YGR014W	0.5	0.0
YGL209W (pp) YPR075C	0.5	1.0
YGR092W (pd) YAL051W	0.5	1.0
YGR092W (pd) YBR038W	0.5	0.0
YGR092W (pd) YBR108W	0.5	0.0
YGR092W (pd) YBR118W	0.5	0.0
YGR092W (pd) YDL019C	0.5	0.0
YGR092W (pd) YDL070W	0.5	0.0
YGR092W (pd) YDL220C	0.5	0.0
YGR092W (pd) YDR226W	0.5	0.0
YGR092W (pd) YDR293C	0.5	0.0
YGR092W (pd) YDR299W	0.5	1.0
YGR092W (pd) YFR028C	0.5	0.0
YGR092W (pd) YHR182W	0.5	0.0
YGR092W (pd) YIL135C	0.5	0.0
YGR092W (pd) YJL076W	0.5	0.0
YGR092W (pd) YJR060W	0.5	1.0
YGR092W (pd) YKL140W	0.5	0.0
YGR092W (pd) YKL146W	0.5	0.0
YGR092W (pd) YKL168C	0.5	0.0
YGR092W (pd) YKR022C	0.5	0.0
YGR092W (pd) YML035C	0.5	0.0
YGR092W (pd) YMR032W	0.5	0.0
YGR092W (pd) YMR165C	0.5	0.0
YGR092W (pd) YMR196W	0.5	1.0
YGR092W (pd) YNL101W	0.5	0.0
YGR092W (pd) YNL155W	0.5	0.0
YGR092W (pd) YNL272C	0.5	0.0
YGR092W (pd) YNR047W	0.5	0.0
YGR092W (pd) YPL127C	0.5	0.0
YGR092W (pd) YPL150W	0.5	0.0
YGR092W (pd) YPR091C	0.5	0.0
YGR186W (pd) YDL140C	0.5	0.0
YHL007C (pd) YBL002W	0.5	1.0
YHL007C (pd) YBL085W	0.5	1.0
YHL007C (pd) YBR042C	0.5	1.0
YHL007C (pd) YBR086C	0.5	1.0
YHL007C (pd) YBR102C	0.5	0.0
YHL007C (pd) YBR108W	0.5	1.0
YHL007C (pd) YBR130C	0.5	0.0
YHL007C (pd) YBR200W	0.5	0.0
YHL007C (pd) YCR073WA	0.5	1.0
YHL007C (pd) YDL070W	0.5	0.0
YHL007C (pd) YDL149W	0.5	1.0
YHL007C (pd) YDR037W	0.5	1.0
YHL007C (pd) YDR251W	0.5	1.0
YHL007C (pd) YDR293C	0.5	1.0
YHL007C (pd) YDR330W	0.5	0.0
YHL007C (pd) YER063W	0.5	1.0
YHL007C (pd) YER122C	0.5	1.0
YHL007C (pd) YGR159C	0.5	1.0
YHL007C (pd) YHL024W	0.5	1.0
YHL007C (pd) YHR131C	0.5	1.0
YHL007C (pd) YKL129C	0.5	1.0
YHL007C (pd) YLR314C	0.5	0.0
YHL007C (pd) YLR362W	0.5	1.0
YHL007C (pd) YMR165C	0.5	1.0
YHL007C (pd) YNL027W	0.5	1.0
YHL007C (pd) YNL101W	0.5	1.0
YHL007C (pd) YNL118C	0.5	1.0
YHL007C (pd) YNL173C	0.5	1.0
YHL007C (pd) YNL272C	0.5	0.0
YHL007C (pd) YOR028C	0.5	1.0
YHL007C (pd) YOR092W	0.5	1.0
YHL007C (pd) YOR113W	0.5	1.0
YHL007C (pd) YOR208W	0.5	0.0
YHL007C (pd) YPL217C	0.5	1.0
YHL007C (pd) YPR032W	0.5	1.0
YHL007C (pd) YPR091C	0.5	0.0
YHR030C (pd) YDL140C	0.5	0.0
YHR030C (pd) YER111C	0.5	0.0
YHR030C (pd) YGL122C	0.5	1.0
YHR030C (pd) YLR182W	0.5	0.0
YHR030C (pd) YLR371W	0.5	1.0
YHR030C (pd) YLR442C	0.5	1.0
YHR030C (pd) YNL053W	0.5	1.0
YHR030C (pd) YOR208W	0.5	0.0
YHR030C (pd) YPL089C	0.5	1.0
YHR082C (pd) YAL013W	0.5	1.0
YHR082C (pd) YBL067C	0.5	1.0
YHR082C (pd) YBR086C	0.5	0.0
YHR082C (pd) YBR108W	0.5	0.0
YHR082C (pd) YBR118W	0.5	1.0
YHR082C (pd) YBR121C	0.5	1.0
YHR082C (pd) YBR130C	0.5	0.0
YHR082C (pd) YBR151W	0.5	1.0
YHR082C (pd) YBR200W	0.5	0.0
YHR082C (pd) YBR212W	0.5	1.0
YHR082C (pd) YBR225W	0.5	1.0
YHR082C (pd) YBR247C	0.5	1.0
YHR082C (pd) YCR073WA	0.5	0.0
YHR082C (pd) YDL013W	0.5	0.0
YHR082C (pd) YDL019C	0.5	0.0
YHR082C (pd) YDL025C	0.5	0.0
YHR082C (pd) YDL035C	0.5	1.0
YHR082C (pd) YDL051W	0.5	0.0
YHR082C (pd) YDL070W	0.5	0.0
YHR082C (pd) YDL131W	0.5	1.0
YHR082C (pd) YDL149W	0.5	0.0
YHR082C (pd) YDL166C	0.5	0.0
YHR082C (pd) YDL173W	0.5	1.0
YHR082C (pd) YDL201W	0.5	1.0
YHR082C (pd) YDL220C	0.5	0.0
YHR082C (pd) YDR074W	0.5	1.0
YHR082C (pd) YDR226W	0.5	0.0
YHR082C (pd) YDR266C	0.5	0.0
YHR082C (pd) YDR330W	0.5	0.0
YHR082C (pd) YDR480W	0.5	0.0
YHR082C (pd) YER122C	0.5	0.0
YHR082C (pd) YER133W	0.5	1.0
YHR082C (pd) YHL024W	0.5	0.0
YHR082C (pd) YHR030C	0.5	0.0
YHR082C (pd) YIL078W	0.5	1.0
YHR082C (pd) YIL135C	0.5	0.0
YHR082C (pd) YKL051W	0.5	0.0
YHR082C (pd) YKL146W	0.5	1.0
YHR082C (pd) YKL168C	0.5	0.0
YHR082C (pd) YLR131C	0.5	0.0
YHR082C (pd) YLR220W	0.5	1.0
YHR082C (pd) YLR221C	0.5	0.0
YHR082C (pd) YLR249W	0.5	1.0
YHR082C (pd) YLR257W	0.5	0.0
YHR082C (pd) YML035C	0.5	0.0
YHR082C (pd) YMR021C	0.5	1.0
YHR082C (pd) YMR102C	0.5	1.0
YHR082C (pd) YMR111C	0.5	0.0
YHR082C (pd) YMR155W	0.5	0.0
YHR082C (pd) YMR165C	0.5	0.0
YHR082C (pd) YMR285C	0.5	0.0
YHR082C (pd) YMR291W	0.5	0.0
YHR082C (pd) YMR295C	0.5	0.0
YHR082C (pd) YNL027W	0.5	0.0
YHR082C (pd) YNL065W	0.5	1.0
YHR082C (pd) YNL136W	0.5	0.0
YHR082C (pd) YNL155W	0.5	1.0
YHR082C (pd) YNL189W	0.5	1.0
YHR082C (pd) YNL272C	0.5	0.0
YHR082C (pd) YNL293W	0.5	0.0
YHR082C (pd) YNR047W	0.5	0.0
YHR082C (pd) YOR123C	0.5	0.0
YHR082C (pd) YOR181W	0.5	0.0
YHR082C (pd) YOR208W	0.5	0.0
YHR082C (pd) YOR211C	0.5	1.0
YHR082C (pd) YPL150W	0.5	0.0
YHR082C (pd) YPL217C	0.5	0.0
YHR082C (pd) YPR032W	0.5	0.0
YHR082C (pd) YPR091C	0.5	0.0
YHR205W (pd) YDR005C	0.5	1.0
YHR205W (pd) YDR054C	0.5	1.0
YHR205W (pd) YDR169C	0.5	0.0
YHR205W (pd) YFL033C	0.5	1.0
YHR205W (pd) YNL167C	0.5	0.0
YIL031W (pd) YDR510W	0.5	1.0
YIL106W (pd) YMR032W	0.5	0.0
YIL147C (pd) YLR006C	0.5	0.0
YJL095W (pd) YBL007C	0.5	0.0
YJL095W (pd) YBR108W	0.5	0.0
YJL095W (pd) YBR225W	0.5	0.0
YJL095W (pd) YDL019C	0.5	0.0
YJL095W (pd) YDL025C	0.5	1.0
YJL095W (pd) YDL070W	0.5	0.0
YJL095W (pd) YDL220C	0.5	0.0
YJL095W (pd) YDL223C	0.5	1.0
YJL095W (pd) YDR226W	0.5	0.0
YJL095W (pd) YER122C	0.5	0.0
YJL095W (pd) YHR114W	0.5	1.0
YJL095W (pd) YJL141C	0.5	1.0
YJL095W (pd) YJR092W	0.5	1.0
YJL095W (pd) YKL168C	0.5	0.0
YJL095W (pd) YLR429W	0.5	1.0
YJL095W (pd) YMR111C	0.5	1.0
YJL095W (pd) YMR155W	0.5	0.0
YJL095W (pd) YMR295C	0.5	1.0
YJL095W (pd) YNL077W	0.5	1.0
YJL095W (pd) YNL136W	0.5	0.0
YJL095W (pd) YNL155W	0.5	0.0
YJL095W (pd) YNL272C	0.5	0.0
YJL095W (pd) YNL293W	0.5	0.0
YJL095W (pd) YPL191C	0.5	1.0
YJL095W (pd) YPL217C	0.5	0.0
YJL095W (pd) YPR032W	0.5	0.0
YJL106W (pd) YBL007C	0.5	0.0
YJL106W (pd) YBR086C	0.5	0.0
YJL106W (pd) YBR108W	0.5	0.0
YJL106W (pd) YBR118W	0.5	0.0
YJL106W (pd) YBR130C	0.5	0.0
YJL106W (pd) YDL070W	0.5	0.0
YJL106W (pd) YDL220C	0.5	0.0
YJL106W (pd) YDR310C	0.5	1.0
YJL106W (pd) YER020W	0.5	1.0
YJL106W (pd) YGR126W	0.5	1.0
YJL106W (pd) YGR130C	0.5	1.0
YJL106W (pd) YGR240C	0.5	1.0
YJL106W (pd) YHL024W	0.5	0.0
YJL106W (pd) YIL135C	0.5	0.0
YJL106W (pd) YKL168C	0.5	0.0
YJL106W (pd) YKR100C	0.5	1.0
YJL106W (pd) YLR221C	0.5	1.0
YJL106W (pd) YLR457C	0.5	0.0
YJL106W (pd) YMR165C	0.5	0.0
YJL106W (pd) YNL027W	0.5	0.0
YJL106W (pd) YNL074C	0.5	1.0
YJL106W (pd) YNL116W	0.5	0.0
YJL106W (pd) YNL272C	0.5	1.0
YJL106W (pd) YNL312W	0.5	1.0
YJL106W (pd) YOR239W	0.5	0.0
YJL106W (pd) YPL150W	0.5	0.0
YJL106W (pd) YPR032W	0.5	0.0
YJL123C (pp) YPR075C	0.5	1.0
YJL128C (pd) YIL033C	0.5	0.0
YJL128C (pd) YJR059W	0.5	0.0
YJL128C (pd) YKL038W	0.5	1.0
YJL128C (pd) YLR113W	0.5	0.0
YJL141C (pd) YBL066C	0.5	1.0
YJL141C (pd) YGL073W	0.5	0.0
YJL141C (pd) YIL033C	0.5	0.0
YJL141C (pd) YLR223C	0.5	0.0
YJL141C (pd) YMR037C	0.5	0.0
YJL187C (pd) YAR014C	0.5	1.0
YJL187C (pd) YBL047C	0.5	1.0
YJL187C (pd) YCL029C	0.5	1.0
YJL187C (pd) YDL070W	0.5	0.0
YJL187C (pd) YDL115C	0.5	1.0
YJL187C (pd) YDR145W	0.5	1.0
YJL187C (pd) YDR229W	0.5	1.0
YJL187C (pd) YDR328C	0.5	1.0
YJL187C (pd) YDR330W	0.5	0.0
YJL187C (pd) YDR443C	0.5	1.0
YJL187C (pd) YER027C	0.5	0.0
YJL187C (pd) YER079W	0.5	0.0
YJL187C (pd) YER116C	0.5	1.0
YJL187C (pd) YER122C	0.5	0.0
YJL187C (pd) YFR029W	0.5	1.0
YJL187C (pd) YGL056C	0.5	1.0
YJL187C (pd) YGL209W	0.5	0.0
YJL187C (pd) YGR100W	0.5	1.0
YJL187C (pd) YGR159C	0.5	0.0
YJL187C (pd) YGR167W	0.5	1.0
YJL187C (pd) YGR240C	0.5	0.0
YJL187C (pd) YHL024W	0.5	0.0
YJL187C (pd) YHR090C	0.5	0.0
YJL187C (pd) YHR133C	0.5	1.0
YJL187C (pd) YHR182W	0.5	0.0
YJL187C (pd) YIL091C	0.5	0.0
YJL187C (pd) YIL107C	0.5	0.0
YJL187C (pd) YIR003W	0.5	1.0
YJL187C (pd) YJL084C	0.5	0.0
YJL187C (pd) YJR092W	0.5	0.0
YJL187C (pd) YKL042W	0.5	0.0
YJL187C (pd) YKL051W	0.5	1.0
YJL187C (pd) YKL121W	0.5	0.0
YJL187C (pd) YKR071C	0.5	0.0
YJL187C (pd) YKR079C	0.5	1.0
YJL187C (pd) YKR092C	0.5	0.0
YJL187C (pd) YLL022C	0.5	1.0
YJL187C (pd) YLL028W	0.5	1.0
YJL187C (pd) YLL043W	0.5	0.0
YJL187C (pd) YLR055C	0.5	1.0
YJL187C (pd) YLR309C	0.5	1.0
YJL187C (pd) YLR350W	0.5	1.0
YJL187C (pd) YMR001C	0.5	0.0
YJL187C (pd) YMR039C	0.5	1.0
YJL187C (pd) YMR049C	0.5	1.0
YJL187C (pd) YMR165C	0.5	0.0
YJL187C (pd) YMR173W	0.5	0.0
YJL187C (pd) YMR186W	0.5	1.0
YJL187C (pd) YMR205C	0.5	0.0
YJL187C (pd) YNL027W	0.5	0.0
YJL187C (pd) YNL192W	0.5	1.0
YJL187C (pd) YNL206C	0.5	1.0
YJL187C (pd) YNL212W	0.5	1.0
YJL187C (pd) YNL227C	0.5	0.0
YJL187C (pd) YNL272C	0.5	0.0
YJL187C (pd) YNL277W	0.5	1.0
YJL187C (pd) YOR123C	0.5	0.0
YJL187C (pd) YOR239W	0.5	0.0
YJL187C (pd) YOR254C	0.5	1.0
YJL187C (pd) YOR340C	0.5	1.0
YJL187C (pd) YPL181W	0.5	0.0
YJR059W (pd) YAL038W	0.5	1.0
YJR059W (pd) YBL058W	0.5	0.0
YJR059W (pd) YBR028C	0.5	1.0
YJR059W (pd) YBR059C	0.5	0.0
YJR059W (pd) YBR108W	0.5	0.0
YJR059W (pd) YBR157C	0.5	1.0
YJR059W (pd) YBR270C	0.5	0.0
YJR059W (pd) YCR023C	0.5	1.0
YJR059W (pd) YCR073WA	0.5	0.0
YJR059W (pd) YDL070W	0.5	0.0
YJR059W (pd) YDL102W	0.5	1.0
YJR059W (pd) YDL117W	0.5	0.0
YJR059W (pd) YDL126C	0.5	1.0
YJR059W (pd) YDL223C	0.5	0.0
YJR059W (pd) YDR001C	0.5	0.0
YJR059W (pd) YDR137W	0.5	1.0
YJR059W (pd) YDR153C	0.5	0.0
YJR059W (pd) YDR169C	0.5	0.0
YJR059W (pd) YDR207C	0.5	1.0
YJR059W (pd) YDR208W	0.5	0.0
YJR059W (pd) YDR229W	0.5	0.0
YJR059W (pd) YDR251W	0.5	0.0
YJR059W (pd) YDR293C	0.5	0.0
YJR059W (pd) YDR505C	0.5	1.0
YJR059W (pd) YEL032W	0.5	0.0
YJR059W (pd) YER122C	0.5	0.0
YJR059W (pd) YER125W	0.5	0.0
YJR059W (pd) YFR017C	0.5	0.0
YJR059W (pd) YGL008C	0.5	1.0
YJR059W (pd) YGL014W	0.5	1.0
YJR059W (pd) YGR008C	0.5	1.0
YJR059W (pd) YGR100W	0.5	0.0
YJR059W (pd) YGR159C	0.5	0.0
YJR059W (pd) YGR241C	0.5	1.0
YJR059W (pd) YGR253C	0.5	1.0
YJR059W (pd) YHL034C	0.5	1.0
YJR059W (pd) YHR117W	0.5	0.0
YJR059W (pd) YHR158C	0.5	0.0
YJR059W (pd) YIL107C	0.5	0.0
YJR059W (pd) YIL112W	0.5	0.0
YJR059W (pd) YIL135C	0.5	0.0
YJR059W (pd) YIL144W	0.5	0.0
YJR059W (pd) YJL020C	0.5	0.0
YJR059W (pd) YJL051W	0.5	0.0
YJR059W (pd) YJL070C	0.5	1.0
YJR059W (pd) YJL084C	0.5	0.0
YJR059W (pd) YJL123C	0.5	0.0
YJR059W (pd) YJL136C	0.5	0.0
YJR059W (pd) YJL141C	0.5	0.0
YJR059W (pd) YJL146W	0.5	1.0
YJR059W (pd) YJR001W	0.5	0.0
YJR059W (pd) YJR049C	0.5	1.0
YJR059W (pd) YKL042W	0.5	0.0
YJR059W (pd) YKL062W	0.5	1.0
YJR059W (pd) YKL064W	0.5	0.0
YJR059W (pd) YKL116C	0.5	0.0
YJR059W (pd) YKL121W	0.5	0.0
YJR059W (pd) YKL127W	0.5	0.0
YJR059W (pd) YKL140W	0.5	1.0
YJR059W (pd) YKL146W	0.5	0.0
YJR059W (pd) YKL166C	0.5	1.0
YJR059W (pd) YKL168C	0.5	0.0
YJR059W (pd) YKR021W	0.5	0.0
YJR059W (pd) YKR022C	0.5	0.0
YJR059W (pd) YKR090W	0.5	0.0
YJR059W (pd) YKR092C	0.5	0.0
YJR059W (pd) YKR100C	0.5	0.0
YJR059W (pd) YLL029W	0.5	1.0
YJR059W (pd) YLL038C	0.5	1.0
YJR059W (pd) YLL043W	0.5	0.0
YJR059W (pd) YLR003C	0.5	0.0
YJR059W (pd) YLR133W	0.5	0.0
YJR059W (pd) YLR257W	0.5	0.0
YJR059W (pd) YLR258W	0.5	1.0
YJR059W (pd) YLR319C	0.5	0.0
YJR059W (pd) YLR350W	0.5	0.0
YJR059W (pd) YLR410W	0.5	0.0
YJR059W (pd) YML031W	0.5	1.0
YJR059W (pd) YML118W	0.5	1.0
YJR059W (pd) YMR068W	0.5	0.0
YJR059W (pd) YMR102C	0.5	0.0
YJR059W (pd) YMR140W	0.5	1.0
YJR059W (pd) YMR165C	0.5	0.0
YJR059W (pd) YMR196W	0.5	0.0
YJR059W (pd) YMR285C	0.5	0.0
YJR059W (pd) YNL047C	0.5	1.0
YJR059W (pd) YNL074C	0.5	0.0
YJR059W (pd) YNL077W	0.5	0.0
YJR059W (pd) YNL101W	0.5	0.0
YJR059W (pd) YNL167C	0.5	0.0
YJR059W (pd) YNL293W	0.5	0.0
YJR059W (pd) YNR013C	0.5	1.0
YJR059W (pd) YNR039C	0.5	0.0
YJR059W (pd) YNR047W	0.5	0.0
YJR059W (pd) YOL082W	0.5	0.0
YJR059W (pd) YOL130W	0.5	0.0
YJR059W (pd) YOR028C	0.5	0.0
YJR059W (pd) YOR070C	0.5	1.0
YJR059W (pd) YOR083W	0.5	0.0
YJR059W (pd) YOR113W	0.5	0.0
YJR059W (pd) YOR209C	0.5	1.0
YJR059W (pd) YOR276W	0.5	1.0
YJR059W (pd) YPL019C	0.5	1.0
YJR059W (pd) YPL077C	0.5	1.0
YJR059W (pd) YPR040W	0.5	1.0
YJR059W (pd) YPR074C	0.5	1.0
YJR059W (pd) YPR091C	0.5	0.0
YJR059W (pd) YPR115W	0.5	0.0
YJR059W (pd) YPR160W	0.5	0.0
YJR076C (pd) YDR510W	0.5	0.0
YKL048C (pd) YCL024W	0.5	1.0
YKL048C (pd) YDR477W	0.5	1.0
YKL048C (pd) YDR507C	0.5	0.0
YKL048C (pd) YGL035C	0.5	0.0
YKL048C (pd) YIL033C	0.5	0.0
YKL048C (pd) YJR053W	0.5	0.0
YKL048C (pd) YOR233W	0.5	1.0
YKL101W (pd) YBR118W	0.5	0.0
YKL101W (pd) YBR130C	0.5	0.0
YKL101W (pd) YBR133C	0.5	1.0
YKL101W (pd) YDL013W	0.5	0.0
YKL101W (pd) YDL223C	0.5	0.0
YKL101W (pd) YDR398W	0.5	1.0
YKL101W (pd) YER122C	0.5	0.0
YKL101W (pd) YHL009C	0.5	0.0
YKL101W (pd) YIL038C	0.5	1.0
YKL101W (pd) YIL078W	0.5	0.0
YKL101W (pd) YJR089W	0.5	1.0
YKL101W (pd) YKL152C	0.5	1.0
YKL101W (pd) YKR048C	0.5	0.0
YKL101W (pd) YKR071C	0.5	0.0
YKL101W (pd) YLL024C	0.5	1.0
YKL101W (pd) YML035C	0.5	0.0
YKL101W (pd) YMR155W	0.5	0.0
YKL101W (pd) YMR165C	0.5	0.0
YKL101W (pd) YMR285C	0.5	1.0
YKL101W (pd) YNL077W	0.5	0.0
YKL101W (pd) YNL136W	0.5	1.0
YKL101W (pd) YNL272C	0.5	0.0
YKL101W (pd) YOR239W	0.5	0.0
YKL101W (pd) YPR072W	0.5	0.0
YKL116C (pd) YDL013W	0.5	1.0
YKL116C (pd) YDR480W	0.5	1.0
YKL116C (pd) YJR001W	0.5	1.0
YKL116C (pd) YLR015W	0.5	1.0
YKL116C (pd) YLR257W	0.5	0.0
YKL116C (pd) YML073C	0.5	1.0
YKL116C (pd) YNL272C	0.5	0.0
YKL116C (pd) YOL086C	0.5	1.0
YKL139W (pd) YDL140C	0.5	0.0
YKL166C (pd) YBR059C	0.5	1.0
YKL166C (pd) YDL081C	0.5	1.0
YKL166C (pd) YDR158W	0.5	1.0
YKL166C (pd) YDR172W	0.5	1.0
YKL166C (pd) YDR379W	0.5	0.0
YKL166C (pd) YDR443C	0.5	0.0
YKL166C (pd) YFR014C	0.5	1.0
YKL166C (pd) YFR017C	0.5	1.0
YKL166C (pd) YGL075C	0.5	0.0
YKL166C (pd) YGL180W	0.5	1.0
YKL166C (pd) YGR285C	0.5	1.0
YKL166C (pd) YHR082C	0.5	1.0
YKL166C (pd) YHR158C	0.5	0.0
YKL166C (pd) YHR182W	0.5	1.0
YKL166C (pd) YIL033C	0.5	1.0
YKL166C (pd) YJL141C	0.5	0.0
YKL166C (pd) YJR001W	0.5	0.0
YKL166C (pd) YKL038W	0.5	0.0
YKL166C (pd) YKL064W	0.5	0.0
YKL166C (pd) YKL171W	0.5	1.0
YKL166C (pd) YKR072C	0.5	1.0
YKL166C (pd) YLR044C	0.5	1.0
YKL166C (pd) YLR113W	0.5	1.0
YKL166C (pd) YLR410W	0.5	0.0
YKL166C (pd) YNL227C	0.5	0.0
YKL166C (pd) YOR028C	0.5	0.0
YKL166C (pd) YOR187W	0.5	1.0
YKL166C (pd) YPL138C	0.5	1.0
YKL166C (pd) YPL146C	0.5	0.0
YKL166C (pd) YPR185W	0.5	1.0
YKL171W (pd) YBR212W	0.5	0.0
YKL171W (pd) YFL014W	0.5	1.0
YKL171W (pd) YHR131C	0.5	0.0
YKL171W (pd) YIL084C	0.5	1.0
YKL171W (pd) YLR455W	0.5	0.0
YKL171W (pd) YNL027W	0.5	0.0
YKL171W (pd) YNL167C	0.5	0.0
YKL171W (pd) YOL006C	0.5	1.0
YKL171W (pd) YPR160W	0.5	0.0
YLR096W (pd) YER079W	0.5	1.0
YLR096W (pd) YER122C	0.5	0.0
YLR096W (pd) YGL035C	0.5	0.0
YLR096W (pd) YGR009C	0.5	1.0
YLR096W (pd) YIL044C	0.5	1.0
YLR096W (pd) YIL063C	0.5	1.0
YLR096W (pd) YIL135C	0.5	1.0
YLR096W (pd) YKR090W	0.5	0.0
YLR096W (pd) YKR100C	0.5	0.0
YLR096W (pd) YLR257W	0.5	1.0
YLR096W (pd) YNL054W	0.5	1.0
YLR096W (pd) YNR039C	0.5	1.0
YLR096W (pd) YOL082W	0.5	1.0
YLR096W (pd) YPL106C	0.5	1.0
YLR102C (pd) YDR451C	0.5	0.0
YLR113W (pd) YBL103C	0.5	1.0
YLR113W (pd) YCL032W	0.5	0.0
YLR113W (pd) YCL061C	0.5	1.0
YLR113W (pd) YDL140C	0.5	0.0
YLR113W (pd) YER118C	0.5	0.0
YLR113W (pd) YER151C	0.5	1.0
YLR113W (pd) YIR006C	0.5	1.0
YLR113W (pd) YKL101W	0.5	0.0
YLR113W (pd) YLL043W	0.5	1.0
YLR113W (pd) YLR138W	0.5	1.0
YLR113W (pd) YLR248W	0.5	1.0
YLR113W (pd) YMR037C	0.5	1.0
YLR113W (pd) YMR172W	0.5	1.0
YLR113W (pd) YNL167C	0.5	1.0
YLR113W (pd) YOR208W	0.5	0.0
YLR248W (pd) YBL007C	0.5	0.0
YLR248W (pd) YBR108W	0.5	0.0
YLR248W (pd) YDR169C	0.5	0.0
YLR248W (pd) YDR385W	0.5	1.0
YLR248W (pd) YER122C	0.5	0.0
YLR248W (pd) YHR031C	0.5	1.0
YLR248W (pd) YHR131C	0.5	0.0
YLR248W (pd) YIL135C	0.5	0.0
YLR248W (pd) YJL051W	0.5	0.0
YLR248W (pd) YJL128C	0.5	0.0
YLR248W (pd) YKL168C	0.5	0.0
YLR248W (pd) YLR257W	0.5	0.0
YLR248W (pd) YNL074C	0.5	0.0
YLR248W (pd) YNL267W	0.5	0.0
YLR248W (pd) YNL272C	0.5	0.0
YLR248W (pd) YNR047W	0.5	0.0
YLR248W (pd) YOR018W	0.5	0.0
YLR248W (pd) YPL150W	0.5	0.0
YLR248W (pd) YPR091C	0.5	0.0
YLR248W (pd) YPR160W	0.5	0.0
YLR314C (pd) YDR510W	0.5	0.0
YLR362W (pd) YCL032W	0.5	0.0
YLR362W (pd) YJL128C	0.5	0.0
YLR362W (pd) YJR059W	0.5	0.0
YLR442C (pd) YBR009C	0.5	1.0
YMR001C (pd) YAL047C	0.5	1.0
YMR001C (pd) YBL097W	0.5	1.0
YMR001C (pd) YBR098W	0.5	1.0
YMR001C (pd) YDL003W	0.5	1.0
YMR001C (pd) YDR052C	0.5	1.0
YMR001C (pd) YDR325W	0.5	1.0
YMR001C (pd) YDR386W	0.5	1.0
YMR001C (pd) YFR028C	0.5	1.0
YMR001C (pd) YGL003C	0.5	1.0
YMR001C (pd) YGR092W	0.5	0.0
YMR001C (pd) YIL031W	0.5	0.0
YMR001C (pd) YJL051W	0.5	0.0
YMR001C (pd) YJL076W	0.5	1.0
YMR001C (pd) YJR053W	0.5	1.0
YMR001C (pd) YLR045C	0.5	1.0
YMR001C (pd) YLR102C	0.5	0.0
YMR001C (pd) YLR272C	0.5	1.0
YMR001C (pd) YMR032W	0.5	1.0
YMR001C (pd) YMR036C	0.5	0.0
YMR001C (pd) YNL068C	0.5	1.0
YMR001C (pd) YNL102W	0.5	1.0
YMR001C (pd) YOR195W	0.5	1.0
YMR001C (pd) YOR372C	0.5	0.0
YMR001C (pd) YOR373W	0.5	0.0
YMR001C (pd) YPL150W	0.5	0.0
YMR001C (pd) YPL153C	0.5	0.0
YMR001C (pd) YPR115W	0.5	0.0
YMR291W (pd) YJR059W	0.5	0.0
YNL225C (pd) YBR160W	0.5	0.0
YNL289W (pd) YHR042W	0.5	0.0
YNL289W (pd) YJR072C	0.5	0.0
YNL298W (pd) YAL041W	0.5	0.0
YNL298W (pd) YAL043C	0.5	1.0
YNL298W (pd) YCR002C	0.5	1.0
YNL298W (pd) YDL070W	0.5	0.0
YNL298W (pd) YDL149W	0.5	0.0
YNL298W (pd) YHR107C	0.5	1.0
YNL298W (pd) YIL041W	0.5	1.0
YNL298W (pd) YJL187C	0.5	1.0
YNL298W (pd) YJR076C	0.5	1.0
YNL298W (pd) YKL104C	0.5	1.0
YNL298W (pd) YKL129C	0.5	0.0
YNL298W (pd) YLR314C	0.5	0.0
YNL298W (pd) YLR362W	0.5	0.0
YNL298W (pd) YPR115W	0.5	0.0
YNR031C (pd) YJL128C	0.5	1.0
YOL100W (pd) YGR086C	0.5	1.0
YOL100W (pd) YPL004C	0.5	1.0
YOR208W (pd) YBR160W	0.5	1.0
YOR233W (pd) YBR086C	0.5	0.0
YOR233W (pd) YBR109C	0.5	1.0
YOR233W (pd) YDR002W	0.5	1.0
YOR233W (pd) YDR264C	0.5	1.0
YOR233W (pd) YJR053W	0.5	0.0
YOR233W (pd) YMR068W	0.5	1.0
YOR233W (pd) YMR165C	0.5	0.0
YOR233W (pd) YNL272C	0.5	0.0
YPL031C (pd) YBL032W	0.5	0.0
YPL031C (pd) YBL047C	0.5	0.0
YPL031C (pd) YBL058W	0.5	1.0
YPL031C (pd) YBL086C	0.5	1.0
YPL031C (pd) YBR042C	0.5	0.0
YPL031C (pd) YBR109C	0.5	0.0
YPL031C (pd) YBR118W	0.5	0.0
YPL031C (pd) YBR130C	0.5	0.0
YPL031C (pd) YBR133C	0.5	0.0
YPL031C (pd) YBR151W	0.5	0.0
YPL031C (pd) YBR188C	0.5	1.0
YPL031C (pd) YBR287W	0.5	1.0
YPL031C (pd) YCL014W	0.5	0.0
YPL031C (pd) YDL051W	0.5	0.0
YPL031C (pd) YDL070W	0.5	0.0
YPL031C (pd) YDL131W	0.5	0.0
YPL031C (pd) YDL173W	0.5	0.0
YPL031C (pd) YDL201W	0.5	0.0
YPL031C (pd) YDL225W	0.5	0.0
YPL031C (pd) YDR146C	0.5	0.0
YPL031C (pd) YDR169C	0.5	0.0
YPL031C (pd) YDR229W	0.5	0.0
YPL031C (pd) YDR293C	0.5	0.0
YPL031C (pd) YDR379W	0.5	0.0
YPL031C (pd) YDR388W	0.5	0.0
YPL031C (pd) YEL015W	0.5	1.0
YPL031C (pd) YEL017W	0.5	1.0
YPL031C (pd) YER033C	0.5	1.0
YPL031C (pd) YER048C	0.5	1.0
YPL031C (pd) YER089C	0.5	1.0
YPL031C (pd) YER116C	0.5	0.0
YPL031C (pd) YER122C	0.5	0.0
YPL031C (pd) YER125W	0.5	0.0
YPL031C (pd) YER131W	0.5	0.0
YPL031C (pd) YFL001W	0.5	0.0
YPL031C (pd) YFL034W	0.5	0.0
YPL031C (pd) YFR010W	0.5	1.0
YPL031C (pd) YFR017C	0.5	0.0
YPL031C (pd) YFR024CA	0.5	0.0
YPL031C (pd) YFR034C	0.5	1.0
YPL031C (pd) YGL014W	0.5	0.0
YPL031C (pd) YGL023C	0.5	0.0
YPL031C (pd) YGL056C	0.5	0.0
YPL031C (pd) YGL153W	0.5	1.0
YPL031C (pd) YGL180W	0.5	0.0
YPL031C (pd) YGL209W	0.5	0.0
YPL031C (pd) YGR130C	0.5	0.0
YPL031C (pd) YGR167W	0.5	0.0
YPL031C (pd) YHL009C	0.5	0.0
YPL031C (pd) YHL024W	0.5	0.0
YPL031C (pd) YHL027W	0.5	1.0
YPL031C (pd) YHL034C	0.5	0.0
YPL031C (pd) YHR009C	0.5	1.0
YPL031C (pd) YHR012W	0.5	1.0
YPL031C (pd) YHR042W	0.5	1.0
YPL031C (pd) YHR090C	0.5	0.0
YPL031C (pd) YHR174W	0.5	1.0
YPL031C (pd) YHR182W	0.5	0.0
YPL031C (pd) YHR183W	0.5	1.0
YPL031C (pd) YHR205W	0.5	0.0
YPL031C (pd) YIL033C	0.5	0.0
YPL031C (pd) YIL047C	0.5	1.0
YPL031C (pd) YIL084C	0.5	0.0
YPL031C (pd) YIL112W	0.5	0.0
YPL031C (pd) YIR003W	0.5	0.0
YPL031C (pd) YJL020C	0.5	1.0
YPL031C (pd) YJL070C	0.5	0.0
YPL031C (pd) YJL084C	0.5	0.0
YPL031C (pd) YJL146W	0.5	0.0
YPL031C (pd) YJR001W	0.5	0.0
YPL031C (pd) YJR070C	0.5	1.0
YPL031C (pd) YJR072C	0.5	0.0
YPL031C (pd) YJR076C	0.5	0.0
YPL031C (pd) YJR092W	0.5	0.0
YPL031C (pd) YKL042W	0.5	0.0
YPL031C (pd) YKL064W	0.5	0.0
YPL031C (pd) YKL116C	0.5	0.0
YPL031C (pd) YKL127W	0.5	0.0
YPL031C (pd) YKL185W	0.5	0.0
YPL031C (pd) YKR018C	0.5	1.0
YPL031C (pd) YKR021W	0.5	0.0
YPL031C (pd) YKR048C	0.5	0.0
YPL031C (pd) YKR090W	0.5	0.0
YPL031C (pd) YLL022C	0.5	0.0
YPL031C (pd) YLL024C	0.5	0.0
YPL031C (pd) YLR003C	0.5	0.0
YPL031C (pd) YLR018C	0.5	1.0
YPL031C (pd) YLR093C	0.5	1.0
YPL031C (pd) YLR102C	0.5	0.0
YPL031C (pd) YLR146C	0.5	1.0
YPL031C (pd) YLR258W	0.5	0.0
YPL031C (pd) YLR410W	0.5	0.0
YPL031C (pd) YML016C	0.5	1.0
YPL031C (pd) YML035C	0.5	0.0
YPL031C (pd) YML062C	0.5	0.0
YPL031C (pd) YML117W	0.5	1.0
YPL031C (pd) YML119W	0.5	0.0
YPL031C (pd) YMR004W	0.5	0.0
YPL031C (pd) YMR039C	0.5	0.0
YPL031C (pd) YMR155W	0.5	0.0
YPL031C (pd) YMR165C	0.5	0.0
YPL031C (pd) YMR173W	0.5	0.0
YPL031C (pd) YMR192W	0.5	1.0
YPL031C (pd) YMR205C	0.5	0.0
YPL031C (pd) YMR311C	0.5	1.0
YPL031C (pd) YMR313C	0.5	1.0
YPL031C (pd) YNL027W	0.5	0.0
YPL031C (pd) YNL077W	0.5	0.0
YPL031C (pd) YNL104C	0.5	1.0
YPL031C (pd) YNL136W	0.5	0.0
YPL031C (pd) YNL149C	0.5	0.0
YPL031C (pd) YNL166C	0.5	1.0
YPL031C (pd) YNL189W	0.5	0.0
YPL031C (pd) YNL225C	0.5	1.0
YPL031C (pd) YNL227C	0.5	0.0
YPL031C (pd) YNL233W	0.5	0.0
YPL031C (pd) YNL277W	0.5	0.0
YPL031C (pd) YNL289W	0.5	1.0
YPL031C (pd) YNL304W	0.5	1.0
YPL031C (pd) YNR010W	0.5	1.0
YPL031C (pd) YNR013C	0.5	0.0
YPL031C (pd) YOL041C	0.5	1.0
YPL031C (pd) YOL060C	0.5	1.0
YPL031C (pd) YOL070C	0.5	0.0
YPL031C (pd) YOL082W	0.5	0.0
YPL031C (pd) YOL123W	0.5	1.0
YPL031C (pd) YOR054C	0.5	0.0
YPL031C (pd) YOR056C	0.5	1.0
YPL031C (pd) YOR083W	0.5	0.0
YPL031C (pd) YOR110W	0.5	1.0
YPL031C (pd) YOR298CA	0.5	1.0
YPL031C (pd) YOR301W	0.5	1.0
YPL031C (pd) YOR359W	0.5	1.0
YPL031C (pd) YPL106C	0.5	0.0
YPL031C (pd) YPL118W	0.5	1.0
YPL031C (pd) YPL133C	0.5	0.0
YPL031C (pd) YPL146C	0.5	0.0
YPL031C (pd) YPL190C	0.5	1.0
YPL031C (pd) YPL193W	0.5	1.0
YPL031C (pd) YPL249C	0.5	1.0
YPL031C (pd) YPR019W	0.5	0.0
YPL031C (pd) YPR042C	0.5	1.0
YPL031C (pd) YPR089W	0.5	1.0
YPL031C (pd) YPR091C	0.5	0.0
YPL031C (pd) YPR135W	0.5	1.0
YPL031C (pd) YPR160W	0.5	0.0
YPL150W (pd) YDL220C	0.5	0.0
YPL150W (pd) YER002W	0.5	1.0
YPL150W (pd) YGL013C	0.5	1.0
YPL150W (pd) YKR048C	0.5	0.0
YPL150W (pd) YMR111C	0.5	0.0
YPL150W (pd) YNL077W	0.5	0.0
YPL150W (pd) YPR072W	0.5	1.0
YPL153C (pd) YAR002W	0.5	0.0
YPL153C (pd) YBL007C	0.5	0.0
YPL153C (pd) YBR108W	0.5	0.0
YPL153C (pd) YBR130C	0.5	0.0
YPL153C (pd) YDL019C	0.5	1.0
YPL153C (pd) YDL225W	0.5	0.0
YPL153C (pd) YDR052C	0.5	0.0
YPL153C (pd) YDR217C	0.5	0.0
YPL153C (pd) YDR226W	0.5	1.0
YPL153C (pd) YDR266C	0.5	1.0
YPL153C (pd) YDR293C	0.5	0.0
YPL153C (pd) YER122C	0.5	0.0
YPL153C (pd) YER169W	0.5	1.0
YPL153C (pd) YHR030C	0.5	1.0
YPL153C (pd) YIL135C	0.5	0.0
YPL153C (pd) YJL084C	0.5	0.0
YPL153C (pd) YJL128C	0.5	0.0
YPL153C (pd) YLR182W	0.5	0.0
YPL153C (pd) YLR257W	0.5	0.0
YPL153C (pd) YLR335W	0.5	1.0
YPL153C (pd) YML035C	0.5	1.0
YPL153C (pd) YNL298W	0.5	1.0
YPL153C (pd) YOR098C	0.5	1.0
YPL153C (pd) YOR181W	0.5	1.0
YPL153C (pd) YPL127C	0.5	0.0
YPL153C (pd) YPL150W	0.5	0.0
YPL153C (pd) YPL194W	0.5	1.0
YPL153C (pd) YPR091C	0.5	1.0
YPL209C (pd) YBR118W	0.5	0.0
YPL209C (pd) YBR156C	0.5	0.0
YPL209C (pd) YDR130C	0.5	0.0
YPL209C (pd) YER016W	0.5	1.0
YPL209C (pd) YER125W	0.5	0.0
YPL209C (pd) YFL001W	0.5	1.0
YPL209C (pd) YGR113W	0.5	1.0
YPL209C (pd) YGR140W	0.5	0.0
YPL209C (pd) YHR090C	0.5	0.0
YPL209C (pd) YIL091C	0.5	1.0
YPL209C (pd) YIL144W	0.5	1.0
YPL209C (pd) YIR010W	0.5	1.0
YPL209C (pd) YJL080C	0.5	0.0
YPL209C (pd) YKL052C	0.5	0.0
YPL209C (pd) YKL089W	0.5	1.0
YPL209C (pd) YKR048C	0.5	1.0
YPL209C (pd) YLL018C	0.5	1.0
YPL209C (pd) YLR003C	0.5	1.0
YPL209C (pd) YLR150W	0.5	1.0
YPL209C (pd) YLR192C	0.5	0.0
YPL209C (pd) YML074C	0.5	1.0
YPL209C (pd) YMR004W	0.5	1.0
YPL209C (pd) YOR058C	0.5	0.0
YPL209C (pd) YOR198C	0.5	0.0
YPL209C (pd) YPL133C	0.5	1.0
YPL209C (pd) YPR115W	0.5	0.0
YPR111W (pd) YPL127C	0.5	1.0
YPR161C (pd) YDL140C	0.5	0.0
YPR161C (pd) YGL058W	0.5	1.0
YPR161C (pd) YML010W	0.5	1.0
YPR161C (pd) YMR036C	0.5	0.0
