GeneA,GeneB,Direction,Sign
YHR135C,YDR011W,1,0
YOL113W,YMR210W,1,0
YPL031C,YFR036W,1,0
YBR160W,YJL092W,1,0
YNL307C,YJL194W,1,0
YNL154C,YPR058W,1,0
YKL166C,YNL117W,1,0
YPL031C,YNL027W,1,0
YPL209C,YDL078C,1,0
YNL154C,YAL028W,1,0
YPL031C,YDR363WA,1,0
YJL106W,YDL153C,1,0
YJL187C,YMR173W,1,0
YNL154C,YJL162C,1,0
YDR477W,YGL207W,1,0
YNL154C,YGR276C,1,0
YGR092W,YGL245W,1,0
YHR135C,YDL135C,1,0
YHR082C,YNL155W,1,0
YHR102W,YNL161W,1,0
YPL026C,YKL184W,1,0
YBR160W,YIL031W,1,0
YHR135C,YHR117W,1,0
YNL307C,YIL033C,1,0
YMR001C,YJL051W,1,0
YGL180W,YFR034C,1,0
YJR066W,YKL126W,1,0
YOR061W,YDR054C,1,0
YBR059C,YNL272C,1,0
YJL164C,YKL191W,1,0
YBL105C,YBL039C,1,0
YFR014C,YDR312W,1,0
YNL307C,YMR239C,1,0
YCL024W,YER064C,1,0
YJR059W,YPL079W,1,0
YMR001C,YPR115W,1,0
YJL187C,YGL100W,1,0
YHR082C,YBR138C,1,0
YDL214C,YMR165C,1,0
YBR160W,YJR091C,1,0
YBL016W,YFR039C,1,0
YJL095W,YOR107W,1,0
YGL059W,YOR002W,1,0
YMR216C,YIL091C,1,0
YNL154C,YDL070W,1,0
YBR160W,YAR002W,1,0
YBR160W,YOR083W,1,0
YGL059W,YER078C,1,0
YKL101W,YGR121C,1,0
YPL236C,YPL236C,1,0
YBR160W,YDR501W,1,0
YPL031C,YHR137W,1,0
YDL214C,YBR035C,1,0
YJL187C,YGL056C,1,0
YPL031C,YJR075W,1,0
YPL031C,YER034W,1,0
YPL141C,YMR190C,1,0
YPL031C,YJL060W,1,0
YGL180W,YHL009C,1,0
YJL128C,YOL016C,1,0
YGL059W,YGR257C,1,0
YCL024W,YPR013C,1,0
YMR001C,YBR231C,1,0
YHR135C,YMR290C,1,0
YPL203W,YOR028C,1,0
YBR160W,YGL124C,1,0
YKL171W,YBR212W,1,0
YIL095W,YOR196C,1,0
YKL171W,YGR231C,1,0
YPL031C,YGL025C,1,0
YGR040W,YGL105W,1,0
YHR135C,YOL130W,1,0
YPL203W,YKR097W,1,0
YHR135C,YKL114C,1,0
YGR092W,YKL077W,1,0
YDR477W,YBR118W,1,0
YPL031C,YPL203W,1,0
YDR477W,YAR014C,1,0
YPL031C,YER089C,1,0
YMR001C,YBL097W,1,0
YLL019C,YMR102C,1,0
YGL158W,YAL042W,1,0
YJR059W,YNL101W,1,0
YGL179C,YKR079C,1,0
YGL180W,YNR019W,1,0
YHR135C,YDR229W,1,0
YNL154C,YGR038CA,1,0
YOR351C,YDR134C,1,0
YBR059C,YGL153W,1,0
YPL209C,YIL091C,1,0
YJL106W,YNL272C,1,0
YJL164C,YJR014W,1,0
YLR096W,YBR169C,1,0
YBR160W,YGL097W,1,0
YPL031C,YDR354W,1,0
YOR039W,YNL030W,1,0
YBR160W,YJL051W,1,0
YJL164C,YPL146C,1,0
YBR160W,YBL105C,1,0
YPL031C,YEL048C,1,0
YPL141C,YOL139C,1,0
YNL154C,YDR170WA,1,0
YHR135C,YBL032W,1,0
YNL154C,YHR073W,1,0
YGL158W,YGL231C,1,0
YAL017W,YGL245W,1,0
YJR059W,YBR055C,1,0
YGR052W,YJL051W,1,0
YGL059W,YGR038W,1,0
YJR059W,YCR073WA,1,0
YNL154C,YPR032W,1,0
YPL031C,YIL172C,1,0
YJL164C,YPR091C,1,0
YKL171W,YGR038CA,1,0
YDR477W,YGL179C,1,0
YBL016W,YOL103WA,1,0
YNL307C,YDL230W,1,0
YOR061W,YDR496C,1,0
YBR160W,YIL149C,1,0
YBR160W,YGR238C,1,0
YGL158W,YGL245W,1,0
YCR091W,YDR007W,1,0
YPL031C,YMR192W,1,0
YLR248W,YPL150W,1,0
YGL179C,YIR003W,1,0
YCR008W,YDR404C,1,0
YJL187C,YHR090C,1,0
YNL154C,YER098W,1,0
YGL179C,YDL115C,1,0
YFR014C,YKL064W,1,0
YJR059W,YAL038W,1,0
YHL007C,YDL027C,1,0
YOR233W,YML037C,1,0
YKL101W,YBR285W,1,0
YAL017W,YDR293C,1,0
YBL016W,YDR388W,1,0
YDR466W,YOL139C,1,0
YHR135C,YFR034C,1,0
YJR059W,YLR410W,1,0
YHL007C,YHL007C,1,0
YNL154C,YDL236W,1,0
YJL164C,YNL149C,1,0
YHR135C,YCL032W,1,0
YGL180W,YHL019C,1,0
YBL016W,YNL135C,1,0
YDR477W,YKR009C,1,0
YBR160W,YDR439W,1,0
YDR477W,YER028C,1,0
YPL150W,YPL281C,1,0
YKL101W,YNL202W,1,0
YHR135C,YKL077W,1,0
YOR267C,YNL272C,1,0
YMR216C,YLR133W,1,0
YNL154C,YNL245C,1,0
YHR079C,YLR006C,1,0
YGR092W,YBR138C,1,0
YJL164C,YKR100C,1,0
YKL166C,YEL065W,1,0
YJL164C,YNR039C,1,0
YPL209C,YBR118W,1,0
YHR082C,YDR257C,1,0
YBR059C,YKR009C,1,0
YBR160W,YDL225W,1,0
YNL307C,YOR224C,1,0
YPL031C,YDR229W,1,0
YNL298W,YKL104C,1,0
YNL307C,YDR023W,1,0
YHR082C,YGL245W,1,0
YOL113W,YIL069C,1,0
YGL180W,YNL094W,1,0
YBR160W,YLR096W,1,0
YHR082C,YOR211C,1,0
YLR096W,YIL172C,1,0
YJL187C,YNL192W,1,0
YJL141C,YLR223C,1,0
YGR092W,YGR038CA,1,0
YHR135C,YGL209W,1,0
YHR082C,YDL007W,1,0
YDR477W,YHR103W,1,0
YHR079C,YDL153C,1,0
YJL164C,YLR410W,1,0
YGL059W,YJR001W,1,0
YPL203W,YPL077C,1,0
YPL026C,YIL107C,1,0
YJL164C,YBR108W,1,0
YJL106W,YIL135C,1,0
YDR247W,YNR034W,1,0
YHL007C,YER098W,1,0
YPL031C,YDL225W,1,0
YJL165C,YGR130C,1,0
YNL154C,YDR226W,1,0
YJL164C,YOR162C,1,0
YGL059W,YDR070C,1,0
YNL154C,YDR259C,1,0
YBL105C,YJL095W,1,0
YHR135C,YBL055C,1,0
YGL180W,YKL023W,1,0
YAL017W,YHL024W,1,0
YDR477W,YIL075C,1,0
YDL028C,YIL149C,1,0
YAL017W,YMR184W,1,0
YHR135C,YGL091C,1,0
YJR059W,YMR068W,1,0
YJL164C,YHR117W,1,0
YHR135C,YDR293C,1,0
YJL164C,YML045WA,1,0
YJL187C,YNL206C,1,0
YKL171W,YDL153C,1,0
YLR096W,YKR090W,1,0
YHR082C,YER098W,1,0
YHR082C,YDL025C,1,0
YNL307C,YLR258W,1,0
YOR351C,YLR263W,1,0
YJL106W,YHL024W,1,0
YHR082C,YMR281W,1,0
YHR135C,YIR003W,1,0
YER171W,YDL140C,1,0
YGL180W,YGL105W,1,0
YFR014C,YGL184C,1,0
YPL031C,YJL146W,1,0
YGR092W,YIL135C,1,0
YPL042C,YPL246C,1,0
YBR160W,YAL020C,1,0
YFL033C,YFL033C,1,0
YJR059W,YLL038C,1,0
YHR082C,YKL168C,1,0
YGL179C,YNL293W,1,0
YLR248W,YNR047W,1,0
YGR040W,YLR324W,1,0
YGL180W,YKR048C,1,0
YKL101W,YMR165C,1,0
YHR082C,YKL197C,1,0
YPL031C,YBR173C,1,0
YGR040W,YDL153C,1,0
YGL158W,YOR362C,1,0
YJL095W,YDL223C,1,0
YBR160W,YJL084C,1,0
YJL164C,YOR083W,1,0
YDR247W,YJR130C,1,0
YJL164C,YGR130C,1,0
YJL164C,YOL018C,1,0
YPL042C,YKL043W,1,0
YGL180W,YDR161W,1,0
YGL180W,YJR019C,1,0
YFR014C,YGR159C,1,0
YFR014C,YJL084C,1,0
YLR113W,YBL103C,1,0
YGL158W,YAL068C,1,0
YDR477W,YGL073W,1,0
YPL141C,YJR105W,1,0
YKL166C,YDR068W,1,0
YBR136W,YNL312W,1,0
YBR160W,YPR030W,1,0
YHR079C,YAL028W,1,0
YGL180W,YBL024W,1,0
YCR073C,YAR019C,1,0
YGR092W,YJR060W,1,0
YOL113W,YNL284CA,1,0
YKL048C,YCL024W,1,0
YMR216C,YFR010W,1,0
YBR160W,YMR005W,1,0
YGR040W,YGL136C,1,0
YBR059C,YOR239W,1,0
YNL307C,YNR006W,1,0
YJL187C,YPR024W,1,0
YHR079C,YDR293C,1,0
YNL154C,YKL168C,1,0
YBL016W,YEL032W,1,0
YPR120C,YLR079W,1,0
YNL154C,YKR079C,1,0
YFR014C,YPR035W,1,0
YMR216C,YNL173C,1,0
YBR160W,YML083C,1,0
YHR082C,YPL104W,1,0
YGR092W,YBL106C,1,0
YPL031C,YPL106C,1,0
YNL161W,YNL272C,1,0
YHR135C,YFL054C,1,0
YDR477W,YLL027W,1,0
YBR160W,YAL031C,1,0
YOL113W,YNL272C,1,0
YJL164C,YPR185W,1,0
YPL026C,YHR056C,1,0
YFR014C,YIL053W,1,0
YNL154C,YOL103WA,1,0
YFR014C,YGL073W,1,0
YHR135C,YFR038W,1,0
YBR136W,YAR007C,1,0
YJL164C,YDL070W,1,0
YNL154C,YIL072W,1,0
YHR082C,YDL153C,1,0
YJL187C,YGR017W,1,0
YNL154C,YOR141C,1,0
YGL179C,YNL186W,1,0
YBR160W,YBR038W,1,0
YBR160W,YLR455W,1,0
YIL095W,YIL053W,1,0
YKL203C,YMR028W,1,0
YIL035C,YKR041W,1,0
YBR136W,YIL072W,1,0
YJL164C,YOR288C,1,0
YPL031C,YDR170WA,1,0
YKL166C,YDR443C,1,0
YGL158W,YIL078W,1,0
YHR082C,YAL013W,1,0
YHR082C,YBR086C,1,0
YKL171W,YMR053C,1,0
YGL158W,YMR239C,1,0
YOR233W,YBR162C,1,0
YBR160W,YNL272C,1,0
YKL166C,YDR425W,1,0
YMR001C,YBL084C,1,0
YJL164C,YLR098C,1,0
YJL095W,YNL054WA,1,0
YNL154C,YBL024W,1,0
YBL016W,YLR192C,1,0
YIL095W,YDR034CC,1,0
YHR135C,YDR440W,1,0
YNL307C,YAL007C,1,0
YPL031C,YPL050C,1,0
YNL307C,YCR105W,1,0
YHR082C,YBL064C,1,0
YHR135C,YMR184W,1,0
YJR059W,YML037C,1,0
YIL095W,YOR181W,1,0
YBR160W,YFR046C,1,0
YFR014C,YER153C,1,0
YJR059W,YFL050C,1,0
YPL031C,YDR293C,1,0
YGL180W,YDR037W,1,0
YJL106W,YNL312W,1,0
YFR014C,YJL189W,1,0
YBL016W,YNL054WA,1,0
YJR059W,YPR167C,1,0
YMR001C,YOR372C,1,0
YDR477W,YKR022C,1,0
YBR160W,YMR241W,1,0
YHR135C,YHL024W,1,0
YHR030C,YPL089C,1,0
YBR160W,YOR037W,1,0
YAL017W,YPR160W,1,0
YJL164C,YOR198C,1,0
YDL214C,YGR249W,1,0
YJL128C,YIL033C,1,0
YBL016W,YGL055W,1,0
YKL166C,YOR028C,1,0
YHR135C,YDR346C,1,0
YPL031C,YKR018C,1,0
YJL164C,YLL038C,1,0
YBR160W,YGL113W,1,0
YLR096W,YJR056C,1,0
YNL298W,YPR067W,1,0
YJR059W,YKL140W,1,0
YNL298W,YPR115W,1,0
YJL187C,YML037C,1,0
YPL203W,YFR017C,1,0
YHR030C,YLR371W,1,0
YNL154C,YBR108W,1,0
YDL214C,YKL080W,1,0
YKL166C,YKL157W,1,0
YBR160W,YBL063W,1,0
YHR082C,YOR123C,1,0
YKL166C,YDR382W,1,0
YJR059W,YML118W,1,0
YBL016W,YPL133C,1,0
YKL048C,YDR507C,1,0
YBR160W,YDR052C,1,0
YHR082C,YDL201W,1,0
YJR059W,YNL167C,1,0
YKL166C,YML013W,1,0
YOR233W,YBL011W,1,0
YPL031C,YJR129C,1,0
YGL179C,YGL153W,1,0
YJL165C,YDR293C,1,0
YBL016W,YLR310C,1,0
YDL214C,YBL007C,1,0
YNL154C,YJR063W,1,0
YKL101W,YHL021C,1,0
YLL019C,YOL016C,1,0
YJR059W,YMR140W,1,0
YJL187C,YOR078W,1,0
YFR014C,YFR017C,1,0
YHR082C,YNL054WA,1,0
YGL179C,YLL008W,1,0
YPL026C,YGR249W,1,0
YMR001C,YLR102C,1,0
YCR091W,YLL034C,1,0
YOL113W,YDL131W,1,0
YFR014C,YMR087W,1,0
YGL180W,YOR078W,1,0
YGL019W,YGR113W,1,0
YJR059W,YPR091C,1,0
YPL031C,YJR094WA,1,0
YPL150W,YMR111C,1,0
YNL154C,YBR233W,1,0
YLR248W,YER122C,1,0
YFR014C,YOR141C,1,0
YJL095W,YNL034W,1,0
YHR135C,YDR208W,1,0
YKL101W,YHL009C,1,0
YPL031C,YBR299W,1,0
YGL179C,YNL027W,1,0
YFR014C,YDR169C,1,0
YJR059W,YER122C,1,0
YOR351C,YGL035C,1,0
YGL180W,YKR092C,1,0
YKL166C,YLR043C,1,0
YNL154C,YLR375W,1,0
YJL164C,YIL112W,1,0
YHR135C,YDL070W,1,0
YJR059W,YMR288W,1,0
YBR160W,YHL022C,1,0
YJL164C,YNL125C,1,0
YJL164C,YGR210C,1,0
YNL307C,YNL078W,1,0
YHL007C,YNL022C,1,0
YBR160W,YBL084C,1,0
YPL031C,YFR017C,1,0
YPL031C,YER077C,1,0
YPL031C,YHR009C,1,0
YJR059W,YBR157C,1,0
YJR059W,YGR266W,1,0
YNL183C,YOR322C,1,0
YIL095W,YMR239C,1,0
YJR059W,YMR081C,1,0
YNL154C,YNL074C,1,0
YPL153C,YLR182W,1,0
YNL154C,YOR107W,1,0
YLR096W,YIL063C,1,0
YJL187C,YPR082C,1,0
YDR477W,YOR198C,1,0
YHR082C,YMR291W,1,0
YHR082C,YPL177C,1,0
YGL180W,YOL103WA,1,0
YGR052W,YML037C,1,0
YPL031C,YER067W,1,0
YJL187C,YNL027W,1,0
YLR248W,YOR133W,1,0
YMR001C,YGL003C,1,0
YBR160W,YLR303W,1,0
YGL180W,YGR126W,1,0
YHR079C,YAR019C,1,0
YPL203W,YFR014C,1,0
YNL154C,YCR073WA,1,0
YIL095W,YBL047C,1,0
YDL017W,YPR019W,1,0
YNL154C,YOL122C,1,0
YNL307C,YNL272C,1,0
YPL031C,YML117W,1,0
YJL095W,YML080W,1,0
YJL106W,YKR100C,1,0
YFR014C,YGL207W,1,0
YNL298W,YHR107C,1,0
YBR160W,YLR223C,1,0
YIL095W,YPR152C,1,0
YBR160W,YOR178C,1,0
YPL203W,YGL180W,1,0
YPL026C,YDL153C,1,0
YPL141C,YNL246W,1,0
YGL158W,YIL070C,1,0
YMR001C,YLR272C,1,0
YFR014C,YGR130C,1,0
YER123W,YMR036C,1,0
YHR135C,YLR323C,1,0
YBR160W,YKR090W,1,0
YDR477W,YNL227C,1,0
YJL164C,YKR022C,1,0
YOL128C,YOL016C,1,0
YJL106W,YJR094C,1,0
YPL031C,YER036C,1,0
YJL106W,YDL236W,1,0
YPL026C,YHR139C,1,0
YJR059W,YIL074C,1,0
YCR073C,YJL108C,1,0
YDR477W,YGL208W,1,0
YLR248W,YNL074C,1,0
YHR079C,YGL245W,1,0
YDL101C,YHR067W,1,0
YJL187C,YLL028W,1,0
YDR477W,YMR205C,1,0
YHR135C,YPL071C,1,0
YKL166C,YPL232W,1,0
YJR059W,YBR108W,1,0
YBR160W,YHR166C,1,0
YJL164C,YDR113C,1,0
YDR477W,YDL070W,1,0
YPL031C,YPL118W,1,0
YBR160W,YLR079W,1,0
YMR216C,YLR150W,1,0
YGL180W,YNL245C,1,0
YDL214C,YJL198W,1,0
YDR247W,YGR249W,1,0
YPL031C,YCL050C,1,0
YER129W,YER027C,1,0
YJL164C,YER098W,1,0
YJL164C,YBR130C,1,0
YLR113W,YCL032W,1,0
YJL164C,YGR129W,1,0
YPL209C,YOR335C,1,0
YPL042C,YDL005C,1,0
YCR073C,YHR157W,1,0
YPL203W,YOR347C,1,0
YBL016W,YNR050C,1,0
YJL095W,YMR295C,1,0
YJL106W,YDL220C,1,0
YPL031C,YGR252W,1,0
YPL031C,YER150W,1,0
YPL026C,YDR183W,1,0
YBR160W,YPL115C,1,0
YNL154C,YMR291W,1,0
YPL031C,YHR090C,1,0
YGL180W,YLR375W,1,0
YDL101C,YER064C,1,0
YPL031C,YPR135W,1,0
YNL154C,YMR144W,1,0
YHR079C,YMR046C,1,0
YFR014C,YJL148W,1,0
YDL017W,YDR052C,1,0
YPL031C,YER072W,1,0
YIL035C,YKL112W,1,0
YBL105C,YNL068C,1,0
YNL307C,YDR330W,1,0
YJR059W,YHR105W,1,0
YBL016W,YNL186W,1,0
YGL158W,YMR229C,1,0
YOL113W,YJR058C,1,0
YCR077C,YPL203W,1,0
YHR135C,YDL166C,1,0
YPL209C,YML042W,1,0
YGL180W,YPR137CA,1,0
YGR040W,YHR084W,1,0
YJR059W,YDR070C,1,0
YGL019W,YJR093C,1,0
YCR091W,YMR184W,1,0
YBR059C,YCR027C,1,0
YPL026C,YBL066C,1,0
YPL141C,YKR048C,1,0
YLR113W,YCL061C,1,0
YHR082C,YNL182C,1,0
YJL165C,YPR013C,1,0
YJL164C,YDR257C,1,0
YPL031C,YNL136W,1,0
YLR096W,YGR009C,1,0
YCR091W,YHR082C,1,0
YGL180W,YOR204W,1,0
YHR135C,YDR439W,1,0
YHL007C,YBR130C,1,0
YGR092W,YNR006W,1,0
YNL154C,YLR257W,1,0
YDR477W,YPR171W,1,0
YNL307C,YDR134C,1,0
YNL307C,YFR022W,1,0
YPL031C,YIL156W,1,0
YFR014C,YMR165C,1,0
YBR160W,YDR130C,1,0
YMR216C,YPL139C,1,0
YGL180W,YJR044C,1,0
YBL016W,YMR235C,1,0
YJL106W,YGL051W,1,0
YDR477W,YOL059W,1,0
YBR160W,YOR058C,1,0
YNL307C,YNL027W,1,0
YGL180W,YKR045C,1,0
YBR160W,YPL250C,1,0
YBR160W,YER041W,1,0
YCL024W,YML096W,1,0
YGL059W,YKL062W,1,0
YPL031C,YKR048C,1,0
YGR040W,YKL142W,1,0
YCR091W,YOL104C,1,0
YHR082C,YNL293W,1,0
YKL166C,YBR142W,1,0
YJR059W,YOR113W,1,0
YLR248W,YJL128C,1,0
YHR082C,YHL024W,1,0
YHR135C,YGL079W,1,0
YBL088C,YAR007C,1,0
YOL113W,YBR086C,1,0
YBR160W,YJR054W,1,0
YHR135C,YFL034W,1,0
YGL180W,YBR086C,1,0
YDL235C,YIL147C,0,0
YKL101W,YOR239W,1,0
YOR061W,YER027C,1,0
YNL154C,YDR099W,1,0
YNL154C,YGR027WA,1,0
YHR135C,YOR260W,1,0
YMR139W,YBR273C,1,0
YPL204W,YPR181C,1,0
YOR039W,YJR093C,1,0
YGR040W,YBL023C,1,0
YPL141C,YPL190C,1,0
YKL166C,YFR014C,1,0
YHR135C,YHL013C,1,0
YPL031C,YKR021W,1,0
YFR014C,YPL156C,1,0
YJL141C,YGR267C,1,0
YJR059W,YGL014W,1,0
YKL101W,YNL077W,1,0
YNL307C,YGR140W,1,0
YDL108W,YPR013C,1,0
YJL164C,YNL045W,1,0
YHR135C,YGL190C,1,0
YGR040W,YGR116W,1,0
YHL007C,YDR026C,1,0
YHR082C,YNR006W,1,0
YDR247W,YCR073WA,1,0
YOL113W,YPL088W,1,0
YNL154C,YDL204W,1,0
YGL158W,YJR096W,1,0
YHR135C,YIL156W,1,0
YHR135C,YOR092W,1,0
YOR233W,YGR276C,1,0
YBR160W,YKL108W,1,0
YPL203W,YIL033C,1,0
YHR082C,YBR130C,1,0
YJR059W,YHR112C,1,0
YHR082C,YOR307C,1,0
YPL203W,YKL093W,1,0
YKL101W,YPL257WA,1,0
YHR079C,YPL128C,1,0
YJL106W,YOR239W,1,0
YJL187C,YLR231C,1,0
YGL179C,YMR081C,1,0
YBR160W,YGL075C,1,0
YJL165C,YDL212W,1,0
YJL164C,YKR009C,1,0
YBR160W,YPL124W,1,0
YGL180W,YMR290C,1,0
YGL180W,YDL220C,1,0
YJL141C,YBL066C,1,0
YBR160W,YOR249C,1,0
YPL031C,YER096W,1,0
YFR014C,YHR090C,1,0
YHL007C,YML096W,1,0
YJR059W,YEL032W,1,0
YPL031C,YMR290C,1,0
YBR160W,YHR159W,1,0
YGL019W,YKL089W,1,0
YPR120C,YML065W,1,0
YHR079C,YLL043W,1,0
YJR059W,YJR099W,1,0
YBR160W,YIL101C,1,0
YHR135C,YOR239W,1,0
YOL128C,YJR059W,1,0
YOR267C,YPR032W,1,0
YNL154C,YLR314C,1,0
YOL113W,YDL209C,1,0
YGL059W,YBR157C,1,0
YPL209C,YER016W,1,0
YBR059C,YNL277W,1,0
YGL180W,YPR158WA,1,0
YLR362W,YOL016C,1,0
YDR247W,YBL024W,1,0
YCR091W,YDL006W,1,0
YKL101W,YBR133C,1,0
YJL165C,YKL038W,1,0
YGL180W,YHR090C,1,0
YHR082C,YBL069W,1,0
YHR135C,YGL256W,1,0
YJL187C,YLR215C,1,0
YKL166C,YPL240C,1,0
YLR096W,YNR039C,1,0
YOR061W,YGR082W,1,0
YDR247W,YBL066C,1,0
YLR096W,YOL082W,1,0
YPL153C,YDR076W,1,0
YHR135C,YGR159C,1,0
YPL031C,YPR160W,1,0
YFR014C,YJL137C,1,0
YGL180W,YBL078C,1,0
YKL166C,YDR158W,1,0
YGL158W,YGR223C,1,0
YOR061W,YDR382W,1,0
YHR135C,YHL019C,1,0
YPL031C,YJL137C,1,0
YDR477W,YER122C,1,0
YGL059W,YKL093W,1,0
YGR040W,YOR245C,1,0
YGL158W,YHL027W,1,0
YPL150W,YNL077W,1,0
YOR233W,YML096W,1,0
YOR233W,YMR165C,1,0
YBR160W,YKL129C,1,0
YCR077C,YKL166C,1,0
YPR120C,YHR118C,1,0
YOR061W,YBR160W,1,0
YNL154C,YMR153W,1,0
YNL154C,YHR131C,1,0
YBR160W,YML065W,1,0
YKL171W,YDR023W,1,0
YNL154C,YMR190C,1,0
YNL154C,YOR181W,1,0
YGL180W,YLR125W,1,0
YPL031C,YNL045W,1,0
YJL164C,YPR143W,1,0
YBL016W,YHR084W,1,0
YKL166C,YAR019C,1,0
YHR135C,YGL248W,1,0
YDR247W,YGL184C,1,0
YLR248W,YDR171W,1,0
YJL106W,YMR229C,1,0
YNL154C,YBL055C,1,0
YPL031C,YLR016C,1,0
YJL164C,YKR068C,1,0
YJR059W,YKL121W,1,0
YPL209C,YMR004W,1,0
YGL158W,YNL272C,1,0
YHR082C,YPL048W,1,0
YBL016W,YNL271C,1,0
YKL101W,YER098W,1,0
YGL179C,YGR038W,1,0
YDL214C,YGR276C,1,0
YGL059W,YNL074C,1,0
YNL154C,YLR242C,1,0
YGR052W,YMR165C,1,0
YBR160W,YMR165C,1,0
YFR014C,YFR033C,1,0
YHR082C,YMR184W,1,0
YMR139W,YLR258W,1,0
YGL158W,YMR155W,1,0
YIL095W,YLR251W,1,0
YGL180W,YNL304W,1,0
YJL187C,YGR038W,1,0
YJL164C,YKL093W,1,0
YGL158W,YJR142W,1,0
YJL164C,YNL245C,1,0
YIL095W,YER155C,1,0
YGL180W,YER034W,1,0
YJL164C,YPL077C,1,0
YJL164C,YML048W,1,0
YJL057C,YKL096WA,1,0
YIL095W,YNL272C,1,0
YOL113W,YER122C,1,0
YIL095W,YLR460C,1,0
YKL116C,YNL022C,1,0
YGL059W,YNL117W,1,0
YJL187C,YKL051W,1,0
YDR477W,YER040W,1,0
YJL164C,YDR468C,1,0
YGL059W,YPL056C,1,0
YFR014C,YBR267W,1,0
YPL031C,YLR102C,1,0
YBR160W,YGR035C,1,0
YJL095W,YOR196C,1,0
YGL180W,YDL013W,1,0
YHL007C,YOR113W,1,0
YNL154C,YER013W,1,0
YPL031C,YLR146C,1,0
YJL095W,YDR226W,1,0
YGL179C,YPL139C,1,0
YBR059C,YKR092C,1,0
YKL116C,YKL116C,1,0
YGL180W,YNL054WA,1,0
YBR160W,YPL194W,1,0
YHL007C,YOL091W,1,0
YKL116C,YDR134C,1,0
YPL026C,YJL029C,1,0
YHR079C,YDR328C,1,0
YPL042C,YOR042W,1,0
YBR160W,YDR348C,1,0
YGL179C,YKL206C,1,0
YJR059W,YNR039C,1,0
YGL158W,YDL070W,1,0
YPL031C,YOR298CA,1,0
YJL095W,YDL220C,1,0
YDR247W,YKL093W,1,0
YBL088C,YDR369C,1,0
YPL031C,YOL147C,1,0
YPL031C,YLR018C,1,0
YPL031C,YNL304W,1,0
YDL028C,YHR209W,1,0
YPL031C,YGL091C,1,0
YBL016W,YPL049C,1,0
YNL154C,YIL016W,1,0
YPL031C,YBR164C,1,0
YIL095W,YER036C,1,0
YAL017W,YAR019C,1,0
YPL141C,YGL207W,1,0
YHR082C,YML037C,1,0
YGL180W,YCL029C,1,0
YHR135C,YHR014W,1,0
YNL154C,YJL084C,1,0
YOR233W,YDL153C,1,0
YOR267C,YGL051W,1,0
YKL166C,YPL203W,0,0
YMR139W,YMR205C,1,0
YPL031C,YJR097W,1,0
YNL307C,YDR518W,1,0
YNL154C,YNL045W,1,0
YJL187C,YDL230W,1,0
YPL031C,YML035C,1,0
YNL154C,YOR239W,1,0
YJL164C,YNL098C,1,0
YKL101W,YBL064C,1,0
YGL059W,YKR048C,1,0
YKL166C,YGL075C,1,0
YHR082C,YGR027WA,1,0
YJL164C,YOR386W,1,0
YBL016W,YNR019W,1,0
YBL088C,YDL101C,1,0
YPR119W,YFR027W,1,0
YGR040W,YNL054WA,1,0
YOR267C,YDL153C,1,0
YPL031C,YNL263C,1,0
YIL095W,YDL223C,1,0
YJL095W,YNL186W,1,0
YBL016W,YBR055C,1,0
YKL166C,YHR158C,1,0
YIL095W,YPR137CA,1,0
YGL019W,YNL131W,1,0
YPL031C,YNL227C,1,0
YBR160W,YNR047W,1,0
YNL154C,YMR165C,1,0
YGL158W,YML037C,1,0
YGL180W,YIL091C,1,0
YHL007C,YMR153W,1,0
YPR119W,YEL032W,1,0
YJL106W,YNL284CA,1,0
YKL139W,YDL140C,1,0
YJR059W,YMR099C,1,0
YPL031C,YDL131W,1,0
YKL101W,YJR141W,1,0
YMR216C,YMR304W,1,0
YPL031C,YBR188C,1,0
YDR477W,YDL051W,1,0
YPL026C,YJR049C,1,0
YGL180W,YKL114C,1,0
YDL214C,YHR060W,1,0
YJL164C,YGL105W,1,0
YOR351C,YMR165C,1,0
YJR059W,YFR017C,1,0
YHR082C,YMR143W,1,0
YPL031C,YOL072W,1,0
YPL150W,YNL064C,1,0
YJL095W,YJR092W,1,0
YDR466W,YML037C,1,0
YBR160W,YNL271C,1,0
YHL007C,YGL207W,1,0
YJL164C,YOR141C,1,0
YPL209C,YMR290C,1,0
YGL180W,YOR340C,1,0
YJL164C,YBL055C,1,0
YPL031C,YEL047C,1,0
YBR160W,YGR014W,1,0
YHR079C,YML045WA,1,0
YFL029C,YDL108W,1,0
YCR008W,YJL164C,1,0
YBR160W,YLR102C,1,0
YAL017W,YCL043C,1,0
YHR082C,YLR249W,1,0
YPL031C,YPL146C,1,0
YDL101C,YPL153C,1,0
YPL031C,YGR249W,1,0
YGL059W,YLR195C,1,0
YPL031C,YOR110W,1,0
YBR059C,YNL027W,1,0
YHR135C,YKR092C,1,0
YBL016W,YEL050C,1,0
YJR059W,YLR350W,1,0
YJL187C,YFR038W,1,0
YBR160W,YLR187W,1,0
YBR160W,YKL116C,1,0
YHR082C,YLR098C,1,0
YDL108W,YLR071C,1,0
YPL153C,YPR091C,1,0
YJL095W,YMR229C,1,0
YPL141C,YLR295C,1,0
YJL187C,YOR141C,1,0
YIL095W,YPL257WA,1,0
YPL203W,YPR185W,1,0
YNL154C,YDR074W,1,0
YKL101W,YBL024W,1,0
YFR014C,YNL218W,1,0
YIL095W,YHR056C,1,0
YDR477W,YHR205W,1,0
YDL235C,YHR206W,0,0
YPL031C,YGR026W,1,0
YGL059W,YNR039C,1,0
YNL154C,YNL101W,1,0
YIL035C,YGR140W,1,0
YPL026C,YGL119W,1,0
YGR092W,YMR196W,1,0
YJL164C,YLL018C,1,0
YBR160W,YDR330W,1,0
YPL031C,YML001W,1,0
YFR014C,YLR276C,1,0
YPL026C,YNL022C,1,0
YBR160W,YGL116W,1,0
YAL017W,YDR454C,1,0
YPL031C,YDL171C,1,0
YGL180W,YFR029W,1,0
YHR082C,YDR134C,1,0
YPL153C,YGL105W,1,0
YBR160W,YCL027W,1,0
YDR507C,YKL093W,1,0
YHL007C,YML080W,1,0
YBR160W,YHR149C,1,0
YGL158W,YNL064C,1,0
YHL007C,YNL272C,1,0
YPL031C,YJL105W,1,0
YBL016W,YJR014W,1,0
YKL166C,YOR266W,1,0
YHR135C,YDR362C,1,0
YBR160W,YGR186W,1,0
YBR160W,YAL024C,1,0
YGL180W,YNL293W,1,0
YPL153C,YGR210C,1,0
YBR160W,YER167W,1,0
YIL095W,YBL024W,1,0
YIL095W,YER122C,1,0
YNL154C,YOL091W,1,0
YOR039W,YGR140W,1,0
YCR077C,YJL164C,1,0
YJL141C,YNR052C,1,0
YJL057C,YAR019C,1,0
YPL031C,YGL023C,1,0
YGL059W,YDL139C,1,0
YJR066W,YDR005C,1,0
YPL031C,YFR021W,1,0
YDR477W,YJL148W,1,0
YJR059W,YIL107C,1,0
YOL113W,YGL134W,1,0
YNL307C,YGR220C,1,0
YNL154C,YNL033W,1,0
YJL164C,YLR022C,1,0
YHR082C,YDR323C,1,0
YPL031C,YMR171C,1,0
YPL031C,YML048W,1,0
YPL031C,YPR017C,1,0
YDR490C,YGR086C,1,0
YPL203W,YKL079W,1,0
YGL180W,YBR270C,1,0
YKL101W,YBR273C,1,0
YJL095W,YOR210W,1,0
YHR082C,YDR266C,1,0
YHR135C,YKL195W,1,0
YPL031C,YGL039W,1,0
YHR082C,YDL131W,1,0
YJL106W,YBR086C,1,0
YPL150W,YER002W,1,0
YKL171W,YOL163W,1,0
YJR059W,YMR285C,1,0
YGL180W,YER131W,1,0
YCL024W,YGL245W,1,0
YGR092W,YLL008W,1,0
YNL307C,YNL066W,1,0
YDL028C,YOR257W,1,0
YFL029C,YPR054W,1,0
YNL307C,YFR009W,1,0
YPL031C,YKL150W,1,0
YNL154C,YOR168W,1,0
YNL020C,YIR006C,1,0
YFR014C,YLR259C,1,0
YPL031C,YBR287W,1,0
YJL164C,YFL023W,1,0
YHR135C,YKL023W,1,0
YPL209C,YBR010W,1,0
YNL154C,YER122C,1,0
YGR092W,YKL168C,1,0
YHR135C,YKL093W,1,0
YDR490C,YKL166C,0,0
YDL108W,YOL012C,1,0
YJL165C,YDL056W,1,0
YHR082C,YNL147W,1,0
YJL164C,YFR038W,1,0
YKL171W,YMR229C,1,0
YHR135C,YGR026W,1,0
YNL154C,YNL192W,1,0
YKL101W,YLL008W,1,0
YHR135C,YDL019C,1,0
YBR160W,YER158C,1,0
YHR082C,YBL078C,1,0
YHR082C,YBR154C,1,0
YJR059W,YMR196W,1,0
YGL158W,YDL220C,1,0
YIL095W,YJL090C,1,0
YIL095W,YBR130C,1,0
YPL153C,YNL186W,1,0
YGL059W,YLL018C,1,0
YFL029C,YKL139W,1,0
YHR135C,YER122C,1,0
YNL154C,YHR214CC,1,0
YPL153C,YDR293C,1,0
YGL158W,YHR044C,1,0
YER027C,YOL136C,1,0
YNL154C,YLR410WA,1,0
YPL031C,YEL017W,1,0
YNL154C,YPL146C,1,0
YPL031C,YNL077W,1,0
YIL095W,YML103C,1,0
YGL180W,YER125W,1,0
YOR351C,YKL093W,1,0
YDL214C,YBL074C,1,0
YHR135C,YOR083W,1,0
YJL164C,YMR140W,1,0
YGL059W,YBR028C,1,0
YHR135C,YER131W,1,0
YFR014C,YOR332W,1,0
YJL164C,YJL080C,1,0
YGL179C,YHL024W,1,0
YKL101W,YIL078W,1,0
YPL150W,YHL003C,1,0
YDR477W,YDR120C,1,0
YOR351C,YML064C,1,0
YJL095W,YPL257WA,1,0
YJL187C,YLR055C,1,0
YHR082C,YDR091C,1,0
YOR061W,YER148W,1,0
YPL042C,YGL066W,1,0
YBR160W,YKR095W,1,0
YJR059W,YDR208W,1,0
YJL187C,YIL077C,1,0
YHR082C,YDR170WA,1,0
YPL141C,YMR165C,1,0
YGR092W,YMR032W,1,0
YBL016W,YOL016C,1,0
YHR135C,YML007W,1,0
YOL016C,YER064C,1,0
YOR351C,YJR049C,1,0
YJL164C,YKR021W,1,0
YHR135C,YGL051W,1,0
YBR160W,YOR127W,1,0
YPL204W,YIL007C,1,0
YHR135C,YGL003C,1,0
YHR135C,YPR091C,1,0
YJR059W,YJR049C,1,0
YPL031C,YMR173W,1,0
YBR136W,YDR076W,1,0
YKL101W,YOL125W,1,0
YPL141C,YCR100C,1,0
YJR059W,YDR153C,1,0
YIL035C,YJR007W,1,0
YOR351C,YIL033C,1,0
YCR008W,YJL051W,1,0
YPL031C,YPL257WA,1,0
YHR082C,YMR111C,1,0
YBR160W,YDR093W,1,0
YGL180W,YML007W,1,0
YGR092W,YGR220C,1,0
YNL307C,YOR335C,1,0
YPL031C,YHR174W,1,0
YFR014C,YJR072C,1,0
YBR160W,YJR092W,1,0
YDR477W,YPR115W,1,0
YHR135C,YBR118W,1,0
YOL113W,YCR073WA,1,0
YJL164C,YPL104W,1,0
YFR014C,YDL143W,1,0
YDL101C,YLR437C,1,0
YPL031C,YHR183W,1,0
YHR079C,YML037C,1,0
YBR160W,YOL100W,1,0
YNL154C,YML083C,1,0
YGR092W,YBL024W,1,0
YGL180W,YGR028W,1,0
YGR092W,YAL051W,1,0
YHL007C,YBR042C,1,0
YFR014C,YGL055W,1,0
YPL031C,YLR093C,1,0
YJL164C,YNL101W,1,0
YDR477W,YOR216C,1,0
YPL031C,YDR169C,1,0
YFR014C,YNL267W,1,0
YNL154C,YDL128W,1,0
YMR216C,YKR071C,1,0
YMR216C,YLL008W,1,0
YGR092W,YBR285W,1,0
YDL028C,YIL144W,1,0
YHR079C,YDL070W,1,0
YPL203W,YJR001W,1,0
YFR014C,YER174C,1,0
YNL154C,YLR429W,1,0
YJL187C,YIL148W,1,0
YHR082C,YKR070W,1,0
YBR160W,YOR014W,1,0
YIL147C,YIL147C,1,0
YKL166C,YNL280C,1,0
YJL106W,YER060W,1,0
YPL031C,YBL032W,1,0
YHR082C,YPL257WA,1,0
YPL141C,YML037C,1,0
YNL154C,YBR025C,1,0
YJL164C,YGR058W,1,0
YMR139W,YAL028W,1,0
YNL298W,YDL006W,1,0
YPL203W,YHL024W,1,0
YPL031C,YDL103C,1,0
YGR092W,YJR142W,1,0
YKL166C,YKL038W,1,0
YLR096W,YER079W,1,0
YBR160W,YDR507C,1,0
YBR160W,YGL216W,1,0
YPL209C,YBR156C,1,0
YHR135C,YOR204W,1,0
YHR135C,YFL050C,1,0
YDL214C,YIL107C,1,0
YPL031C,YFR032CA,1,0
YPL031C,YGL234W,1,0
YJL164C,YPR171W,1,0
YDR477W,YHR117W,1,0
YGL179C,YGR135W,1,0
YGR040W,YPL048W,1,0
YKL166C,YFR017C,1,0
YIL095W,YNL186W,1,0
YLR362W,YJR059W,1,0
YJL187C,YLR309C,1,0
YJL187C,YNL125C,1,0
YOR231W,YBR138C,1,0
YIL035C,YHL020C,1,0
YNL154C,YDL223C,1,0
YHR082C,YPL207W,1,0
YIL095W,YJL129C,1,0
YNL154C,YMR184W,1,0
YDR477W,YOR340C,1,0
YHR082C,YDL220C,1,0
YPL209C,YJL218W,1,0
YPL031C,YER125W,1,0
YBL016W,YDR034CC,1,0
YPL153C,YPL194W,1,0
YIL095W,YIR006C,1,0
YHL007C,YPR091C,1,0
YJL164C,YKR084C,1,0
YPL141C,YGL245W,1,0
YJL164C,YBR028C,1,0
YGL179C,YMR165C,1,0
YPL203W,YOL016C,1,0
YGL180W,YLR410W,1,0
YNL307C,YKL159C,1,0
YDL101C,YER079W,1,0
YOL128C,YIL033C,1,0
YGL180W,YDR293C,1,0
YOR267C,YAL028W,1,0
YGL180W,YMR316W,1,0
YPL153C,YIL135C,1,0
YBL016W,YOL130W,1,0
YFR014C,YHR112C,1,0
YJL164C,YMR102C,1,0
YNL307C,YPR058W,1,0
YJL164C,YGL067W,1,0
YPL150W,YBL023C,1,0
YPL026C,YDR001C,1,0
YCR008W,YAL034WA,1,0
YBR136W,YHR154W,1,0
YJL095W,YPL217C,1,0
YHR135C,YJL033W,1,0
YOL128C,YKR055W,1,0
YBR059C,YLR276C,1,0
YJR059W,YFL054C,1,0
YNL154C,YDR299W,1,0
YHR135C,YDL243C,1,0
YJL164C,YKR090W,1,0
YPL209C,YLR150W,1,0
YCR073C,YDR524C,1,0
YBR160W,YLR086W,1,0
YJL164C,YGR266W,1,0
YHR135C,YGR126W,1,0
YPL031C,YFL022C,1,0
YHR135C,YPL100W,1,0
YDR477W,YOR018W,1,0
YBR160W,YHL007C,1,0
YLR248W,YKL168C,1,0
YPL204W,YLR438W,1,0
YGL059W,YKR090W,1,0
YJL164C,YKL079W,1,0
YHR135C,YIL107C,1,0
YMR001C,YMR032W,1,0
YCR008W,YOR224C,1,0
YBL016W,YLR452C,0,0
YMR216C,YKL146W,1,0
YGL158W,YJR095W,1,0
YBR160W,YLR190W,1,0
YDR477W,YJL033W,1,0
YNL307C,YDL198C,1,0
YGL180W,YDR346C,1,0
YHR135C,YDL053C,1,0
YPL209C,YKR048C,1,0
YKL101W,YOR335C,1,0
YBR160W,YPL153C,1,0
YJL095W,YHR114W,1,0
YOL113W,YGL105W,1,0
YHR135C,YNL054WA,1,0
YPL141C,YDR087C,1,0
YNL307C,YDL153C,1,0
YPL026C,YMR102C,1,0
YFR014C,YJR076C,1,0
YHR030C,YLR442C,1,0
YPL153C,YDL019C,1,0
YOR061W,YNL189W,1,0
YIL095W,YMR184W,1,0
YIL095W,YJR092W,1,0
YKL171W,YNL167C,1,0
YKL166C,YDR023W,1,0
YCR008W,YAR019C,1,0
YOR039W,YOL026C,1,0
YPL042C,YEL009C,1,0
YBR160W,YMR032W,1,0
YHR082C,YDR480W,1,0
YNL307C,YPR013C,1,0
YPL204W,YBR247C,1,0
YBR160W,YPL127C,1,0
YHR135C,YLR410WA,1,0
YCR091W,YPR063C,1,0
YJL187C,YDR229W,1,0
YMR001C,YBR098W,1,0
YKL101W,YBR118W,1,0
YPL141C,YPR137CA,1,0
YPL031C,YML062C,1,0
YHR135C,YPL190C,1,0
YFR014C,YER175C,1,0
YGL180W,YBR108W,1,0
YNL298W,YJR076C,1,0
YJR059W,YMR184W,1,0
YBR160W,YIL106W,1,0
YJL095W,YDR034CC,1,0
YFR014C,YOR092W,1,0
YMR001C,YJL076W,1,0
YGL059W,YOR083W,1,0
YPL141C,YDR299W,1,0
YCR073C,YDL056W,1,0
YHL007C,YOR208W,1,0
YGL179C,YKR009C,1,0
YBR160W,YER129W,1,0
YPL031C,YLR427W,1,0
YJL106W,YDR295C,1,0
YJL164C,YKL061W,1,0
YHR135C,YGR130C,1,0
YBR160W,YJR083C,1,0
YPL256C,YDR356W,1,0
YBR160W,YDR293C,1,0
YNL307C,YAL038W,1,0
YBR136W,YPL153C,1,0
YKL203C,YIL105C,1,0
YBR160W,YJL115W,1,0
YHR135C,YNL094W,1,0
YFL033C,YBL011W,1,0
YMR216C,YOL021C,1,0
YJR059W,YPR107C,1,0
YDR477W,YDL220C,1,0
YPL153C,YDR217C,1,0
YNL307C,YDR002W,1,0
YHL007C,YBR154C,1,0
YHR135C,YLR098C,1,0
YHR135C,YLR451W,1,0
YCR073C,YML096W,1,0
YDL028C,YPL124W,1,0
YHR082C,YER133W,1,0
YHR135C,YER127W,1,0
YDR477W,YER125W,1,0
YJL187C,YBL095W,1,0
YJL165C,YDL074C,1,0
YDL214C,YJL051W,1,0
YPL236C,YPL127C,1,0
YBR160W,YHR098C,1,0
YBL060W,YOR094W,1,0
YJL187C,YMR165C,1,0
YPL209C,YGL105W,1,0
YBL016W,YDR103W,1,0
YGL180W,YNL027W,1,0
YKL116C,YMR284W,1,0
YJR059W,YKL062W,1,0
YKL166C,YLR410W,1,0
YJL095W,YPR032W,1,0
YGL180W,YOR056C,1,0
YFR014C,YPL139C,1,0
YKL116C,YDL013W,1,0
YJL164C,YLR003C,1,0
YJL164C,DOT6TOD6,1,0
YBR059C,YMR297W,1,0
YLR113W,YKL101W,1,0
YPL203W,YOR250C,1,0
YBR160W,YDR146C,1,0
YPL031C,YOL016C,1,0
YPL141C,YPR128C,1,0
YJR059W,YML031W,1,0
YHL007C,YOR232W,1,0
YPL031C,YFR010W,1,0
YJL164C,YGL254W,1,0
YJR059W,YOL130W,1,0
YPL141C,YGL051W,1,0
YMR216C,YOR054C,1,0
YGL180W,YOR141C,1,0
YGL180W,YLR003C,1,0
YBR160W,YBL014C,1,0
YFR014C,YFR010W,1,0
YHR079C,YDR266C,1,0
YJL164C,YNL186W,1,0
YPL026C,YNL227C,1,0
YDR477W,YOL136C,1,0
YPL031C,YLR450W,1,0
YKL126W,YGR038W,1,0
YBL016W,YPR158CC,1,0
YJL095W,YPR137CA,1,0
YGL180W,YDR540C,1,0
YFR014C,YJL177W,1,0
YJR059W,YNL047C,1,0
YGR040W,YNL077W,1,0
YHL007C,YBL011W,1,0
YHR030C,YOR231W,1,0
YHR079C,YPR156C,1,0
YBR160W,YPR141C,1,0
YHR135C,YDL025C,1,0
YGL180W,YKL042W,1,0
YJL187C,YGR159C,1,0
YGL180W,YKL146W,1,0
YCR073C,YJL089W,1,0
YJL164C,YDR239C,1,0
YFL033C,YDL002C,1,0
YIL095W,YOR093C,1,0
YJL187C,YMR039C,1,0
YBR160W,YML034W,1,0
YPL031C,YPR137CA,1,0
YNL307C,YKL146W,1,0
YGR040W,YDL178W,1,0
YNL154C,YNL155W,1,0
YNL020C,YPL279C,1,0
YPL031C,YMR276W,1,0
YOR233W,YML083C,1,0
YOL113W,YHR182W,1,0
YMR001C,YDL006W,1,0
YHR135C,YPR169W,1,0
YPL031C,YMR313C,1,0
YGL180W,YDL051W,1,0
YPL204W,YIL109C,1,0
YPL031C,YGR292W,1,0
YPL031C,YIL084C,1,0
YBL016W,YDR266C,1,0
YJL164C,YLR310C,1,0
YOR351C,YJL146W,1,0
YKL166C,YBR298CA,1,0
YDR477W,YIL156W,1,0
YJL164C,YKL116C,1,0
YHR135C,YJR044C,1,0
YPL031C,YKL042W,1,0
YPL209C,YKL052C,1,0
YFR014C,YGL079W,1,0
YHR082C,YGR276C,1,0
YPL031C,YGL014W,1,0
YJL164C,YNL112W,1,0
YBR160W,YOR045W,1,0
YBR160W,YLL003W,1,0
YGL180W,YMR173W,1,0
YGL180W,YHR214CC,1,0
YJL164C,YNL074C,1,0
YMR001C,YAL047C,1,0
YJL095W,YNL001W,1,0
YDL108W,YAL020C,1,0
YPR120C,YBR060C,1,0
YPL153C,YLR257W,1,0
YJL095W,YLR429W,1,0
YPL031C,YFR035C,1,0
YHR082C,YAL028W,1,0
YPL141C,YOR123C,1,0
YPL026C,YGL245W,1,0
YHR030C,YPL140C,1,0
YPL031C,YNL189W,1,0
YPL031C,YNR007C,1,0
YBR160W,YOR066W,1,0
YGL158W,YHL021C,1,0
YGL179C,YLR231C,1,0
YBR160W,YIL135C,1,0
YHR082C,YLR257W,1,0
YJL187C,YHR133C,1,0
YIL035C,YGL148W,1,0
YPL031C,YDR489W,1,0
YPL203W,YML118W,1,0
YJL164C,YGL184C,1,0
YHL007C,YDR293C,1,0
YCR008W,YMR165C,1,0
YFR014C,YLL033W,1,0
YKL101W,YJR089W,1,0
YBR059C,YHR015W,1,0
YIL143C,YDL140C,1,0
YNL307C,YCR100C,1,0
YGL059W,YMR196W,1,0
YDL017W,YLR274W,1,0
YGL158W,YHR185C,1,0
YPL209C,YBR222C,1,0
YPL141C,YHL009C,1,0
YNL154C,YDR388W,1,0
YNL154C,YBR086C,1,0
YGR092W,YNR047W,1,0
YOR039W,YGR082W,1,0
YBR160W,YLR182W,1,0
YDR477W,YFR022W,1,0
YHR135C,YPR115W,1,0
YNL154C,YDR200C,1,0
YHR082C,YLR131C,1,0
YKL048C,YHR111W,1,0
YGL059W,YKL171W,1,0
YBR160W,YJL060W,1,0
YHR135C,YMR153W,1,0
YDR523C,YGL066W,1,0
YPL031C,YBR130C,1,0
YPL031C,YPR026W,1,0
YFR014C,YGL143C,1,0
YPL031C,YML058W,1,0
YDR477W,YLR242C,1,0
YIL106W,YMR032W,1,0
YDR466W,YNL232W,1,0
YHR135C,YGL122C,1,0
YHR082C,YCL043C,1,0
YIL095W,YDL166C,1,0
YHR079C,YNL192W,1,0
YJL187C,YAL028W,1,0
YPL141C,YDL223C,1,0
YGR092W,YDL019C,1,0
YPL141C,YFR033C,1,0
YJL164C,YPR019W,1,0
YKL166C,YDL081C,1,0
YPL031C,YLR060W,1,0
YBL016W,YFL023W,1,0
YJL164C,YGL023C,1,0
YFR014C,YJL146W,1,0
YGR040W,YJL089W,1,0
YPL153C,YNL284CA,1,0
YBR160W,YLR278C,1,0
YPL031C,YDL173W,1,0
YPL203W,YLR231C,1,0
YKL166C,YDR237W,1,0
YNL307C,YMR238W,1,0
YPL031C,YMR004W,1,0
YOR061W,YOR254C,1,0
YBL016W,YDL159W,0,0
YIL095W,YAR019C,1,0
YPL031C,YHL034C,1,0
YPL031C,YJR103W,1,0
YJL095W,YDR411C,1,0
YBR160W,YJR141W,1,0
YKL101W,YKR071C,1,0
YIL035C,YJR130C,1,0
YFR014C,YKR009C,1,0
YNL154C,YDR026C,1,0
YIL035C,YGR276C,1,0
YGL059W,YHR105W,1,0
YGL180W,YKR071C,1,0
YHR135C,YNR019W,1,0
YKL166C,YAR018C,1,0
YNL307C,YNL074C,1,0
YJL164C,YNL157W,1,0
YPL031C,YIR003W,1,0
YPL031C,YBR155W,1,0
YPL203W,YMR140W,1,0
YPL031C,YPR035W,1,0
YGL180W,YJL033W,1,0
YHR082C,YOR035C,1,0
YNL154C,YDR293C,1,0
YHR082C,YNR047W,1,0
YGL158W,YOR193W,1,0
YJL164C,YKL008C,1,0
YJR059W,YGL221C,1,0
YJR059W,YLR258W,1,0
YJL106W,YGR126W,1,0
YJL164C,YBL058W,1,0
YHR079C,YMR140W,1,0
YFR014C,YNL121C,1,0
YPL204W,YNL131W,1,0
YNL154C,YDL088C,1,0
YPL031C,YOR359W,1,0
YER129W,YER129W,1,0
YBR059C,YKR006C,1,0
YKL171W,YML096W,1,0
YPL031C,YGL246C,1,0
YHR135C,YFR021W,1,0
YHR082C,YCR073WA,1,0
YPL031C,YDL137W,1,0
YFR014C,YAL028W,1,0
YPL031C,YER082C,1,0
YGL180W,YBL061C,1,0
YHR135C,YML035C,1,0
YNL154C,YDL181W,1,0
YJL164C,YDL153C,1,0
YLR096W,YHR207C,1,0
YDL214C,YNR006W,1,0
YDL028C,YJL089W,1,0
YNL307C,YLR006C,1,0
YBR160W,YNL339C,1,0
YPL031C,YDR034CC,1,0
YKL101W,YLR195C,1,0
YOR351C,YGL163C,1,0
YJL106W,YDL181W,1,0
YCR091W,YJL198W,1,0
YNL307C,YMR053C,1,0
YPL031C,YNR010W,1,0
YGL180W,YGL079W,1,0
YJL095W,YJR141W,1,0
YFR014C,YML048W,1,0
YKL101W,YER036C,1,0
YAR019C,YGR092W,1,0
YPL031C,YLR460C,1,0
YJR059W,YDL223C,1,0
YPL031C,YOL049W,1,0
YNL154C,YKL178C,1,0
YNL154C,YLR326W,1,0
YPL153C,YPL127C,1,0
YJL164C,YLR258W,1,0
YHR135C,YBR108W,1,0
YOR267C,YGR276C,1,0
YPL031C,YNL166C,1,0
YGL059W,YGL105W,1,0
YPL204W,YLR182W,1,0
YHR082C,YBL057C,1,0
YNL307C,YBR273C,1,0
YFR014C,YIL051C,1,0
YGL059W,YHR207C,1,0
YOR061W,YMR036C,1,0
YDR477W,YDR477W,1,0
YNL154C,YGL051W,1,0
YNL154C,YGL105W,1,0
YKL101W,YGR210C,1,0
YHR205W,DOT6TOD6,1,0
YHR082C,YOR208W,1,0
YLR113W,YMR037C,1,0
YPL203W,YJL146W,1,0
YMR216C,YIL075C,1,0
YCR008W,YBR285W,1,0
YPL031C,YHR014W,1,0
YBR160W,YDR223W,1,0
YJL106W,YJL106W,1,0
YMR001C,YPL150W,1,0
YPL150W,YOR362C,1,0
YOL113W,YER098W,1,0
YOL113W,YBL024W,1,0
YGL180W,YGL207W,1,0
YFR014C,YLR215C,1,0
YHR082C,YBR212W,1,0
YMR001C,YFR028C,1,0
YKL101W,YDR034CC,1,0
YOR233W,YNL272C,1,0
YNL154C,YNL267W,1,0
YGL179C,YHR090C,1,0
YFR014C,YER154W,1,0
YBR160W,YPR175W,1,0
YBR160W,YNL321W,1,0
YJL106W,YLR079W,0,0
YJL106W,YLR457C,1,0
YNL154C,YMR067C,1,0
YPL026C,YML096W,1,0
YPL031C,YLR183C,1,0
YNL154C,YML035C,1,0
YFR014C,YIL148W,1,0
YHL007C,YNR019W,1,0
YBR160W,YGR270W,1,0
YJR059W,YDR207C,1,0
YKL166C,YBR059C,1,0
YHR135C,YJL110C,1,0
YPL031C,YMR297W,1,0
YNL154C,YDL149W,1,0
YPL203W,YOR113W,1,0
YBR160W,YLR009W,1,0
YJR059W,YKL166C,1,0
YPL031C,YNL007C,1,0
YNL307C,YNL217W,1,0
YNL154C,YDL173W,1,0
YPL141C,YOR210W,1,0
YHR135C,YKR079C,1,0
YOR351C,YIL135C,1,0
YHR079C,YDR388W,1,0
YGR052W,YBR107C,1,0
YPL031C,YFL054C,1,0
YPL153C,YJL084C,1,0
YHR135C,YNL314W,1,0
YNL154C,YDL153C,1,0
YAL017W,YDR134C,1,0
YPR025C,YDL140C,1,0
YGL180W,YLR410WA,1,0
YKL101W,YNL286W,1,0
YKL101W,YDL074C,1,0
YHR082C,YKL146W,1,0
YPL031C,YER024W,1,0
YPL204W,YJR044C,1,0
YKL171W,YLR455W,1,0
YBL016W,YOR141C,1,0
YJL057C,YDR023W,1,0
YJL187C,YDR312W,1,0
YJL164C,YPR137CA,1,0
YPL031C,YCR072C,1,0
YBR136W,YLR437C,1,0
YHR135C,YER034W,1,0
YBR160W,YOR104W,1,0
YDR247W,YBR059C,1,0
YMR139W,YIL135C,1,0
YJR059W,YDR229W,1,0
YHR082C,YOL103WA,1,0
YPL031C,YNR019W,1,0
YDR122W,YGR249W,1,0
YBL016W,YER151C,1,0
YGL179C,YHR073W,1,0
YNL298W,YIL041W,1,0
YJR059W,YKL146W,1,0
YPL026C,YPL282C,1,0
YPL256C,YNL225C,1,0
YNL154C,YGR126W,1,0
YGL180W,YLR192C,1,0
YHR135C,YDR037W,1,0
YIL035C,YKR022C,1,0
YJR059W,YDR113C,1,0
YGR092W,YFR028C,1,0
YHR135C,YKL121W,1,0
YHR082C,YPR131C,1,0
YJL095W,YDL025C,1,0
YAR019C,YBR162C,1,0
YHR135C,YBL078C,1,0
YNL154C,YIL135C,1,0
YGR040W,YGL245W,1,0
YKL101W,YOR252W,1,0
YJL187C,YIR003W,1,0
YJL164C,YPL023C,1,0
YMR139W,YCL032W,1,0
YNL154C,YPL257WA,1,0
YIL035C,YGR113W,1,0
YMR216C,YNL277W,1,0
YGL059W,YHR117W,1,0
YHR135C,YOL153C,1,0
YKL166C,YHR082C,1,0
YGR052W,YAR019C,1,0
YIL095W,YGL051W,1,0
YLR248W,YLR248W,1,0
YPL031C,YBR151W,1,0
YKL166C,YHR168W,1,0
YJL164C,YGR038CA,1,0
YIL095W,YHR161C,1,0
YBR136W,YMR190C,1,0
YOR267C,YBL011W,1,0
YHR082C,YDR259C,1,0
YKL166C,YLR440C,1,0
YJL164C,YKL160W,1,0
YMR216C,YNL004W,1,0
YBR160W,YFL029C,1,0
YGL180W,YBL032W,1,0
YHR082C,YOR362C,1,0
YDR523C,YPL246C,1,0
YMR216C,YOR078W,1,0
YPL031C,YGL153W,1,0
YFR014C,YOR078W,1,0
YDR054C,YJL187C,0,0
YGL179C,YNL021W,1,0
YJL187C,YDR328C,1,0
YGL179C,YLR350W,1,0
YGR040W,YDL198C,1,0
YOR061W,YJR007W,1,0
YNL154C,YDL002C,1,0
YKL171W,YFL016C,1,0
YNL154C,YBR155W,1,0
YAL017W,YKL168C,1,0
YFR014C,YNL227C,1,0
YJR059W,YIL135C,1,0
YBR160W,YNL233W,1,0
YGL180W,YLR265C,1,0
YBR059C,YGR159C,1,0
YHR135C,YMR288W,1,0
YJL164C,YGL207W,1,0
YKL203C,YKL126W,1,0
YDL214C,YCR079W,1,0
YBR160W,YOR372C,1,0
YFR014C,YDR328C,1,0
YPL153C,YHR030C,1,0
YGL180W,YDR239C,1,0
YHL007C,YMR053C,1,0
YGL180W,YJR089W,1,0
YKL048C,YJR053W,1,0
YJL106W,YGR240C,1,0
YJR059W,YJL198W,1,0
YKL116C,YJR001W,1,0
YGL180W,YFR010W,1,0
YHR079C,YNL224C,1,0
YJR059W,YHL034C,1,0
YGL158W,YER098W,1,0
YJL187C,YDR145W,1,0
YHR135C,YPR152C,1,0
YGR092W,YPL127C,1,0
YFR014C,YOR123C,1,0
YHR082C,YOR335C,1,0
YHR079C,YDL186W,1,0
YNL307C,YML058W,1,0
YMR216C,YIL156W,1,0
YNL154C,YDL125C,1,0
YIL035C,YDR496C,1,0
YMR139W,YPL077C,1,0
YPL031C,YMR311C,1,0
YGL059W,YLL028W,1,0
YNL307C,YMR229C,1,0
YFL033C,YOR162C,1,0
YMR139W,YDR207C,1,0
YGL158W,YKL012W,1,0
YPL031C,YDR388W,1,0
YPL031C,YIL112W,1,0
YDR490C,YPL004C,1,0
YJL164C,YIL075C,1,0
YBL016W,YLR451W,1,0
YCR091W,YBR285W,1,0
YIL095W,YDR159W,1,0
YJL057C,YBL011W,1,0
YPL209C,YER125W,1,0
YMR001C,YDL003W,1,0
YNL154C,YDL013W,1,0
YHR135C,YMR140W,1,0
YPL150W,YGR078C,1,0
YHR135C,YLR132C,1,0
YPL203W,YMR120C,1,0
YNL298W,YDL070W,1,0
YNL154C,YIL077C,1,0
YJL164C,YDL001W,1,0
YJR059W,YPR074C,1,0
YJL164C,YMR205C,1,0
YGR040W,YGR276C,1,0
YFR014C,YHR117W,1,0
YBR160W,YBR098W,1,0
YKL171W,YIL084C,1,0
YPL141C,YMR235C,1,0
YJL164C,YLR150W,1,0
YFR014C,YGL172W,1,0
YGR092W,YHL021C,1,0
YPL031C,YKL019W,1,0
YGL179C,YOL072W,1,0
YLR248W,YNL267W,1,0
YGR092W,YNL101W,1,0
YBR160W,YLL008W,1,0
YJL164C,YMR099C,1,0
YDR477W,YLR439W,1,0
YHR082C,YNL272C,1,0
YPL150W,YNR006W,1,0
YKL101W,YBR169C,1,0
YJR059W,YOR209C,1,0
YJL164C,YMR081C,1,0
YGL059W,YDR099W,1,0
YGL158W,YIL004C,1,0
YGL179C,YKR090W,1,0
YJL106W,YPL150W,1,0
YHR082C,YMR165C,1,0
YJL187C,YKR092C,1,0
YHR135C,YLR293C,1,0
YHR082C,YMR021C,1,0
YJR059W,YKL042W,1,0
YHR135C,YPL146C,1,0
YFR014C,YCR075C,1,0
YDL028C,YKL042W,1,0
YPL141C,YMR173W,1,0
YHR135C,YNL125C,1,0
YNL154C,YNL054WA,1,0
YKL171W,YAL034WA,1,0
YGL059W,YML048W,1,0
YJR059W,YNL074C,1,0
YKL101W,YPL246C,1,0
YGL179C,YCL043C,1,0
YIL035C,YMR309C,1,0
YDR477W,YGL035C,1,0
YHR135C,YKR071C,1,0
YCR091W,YML037C,1,0
YKL126W,YLR350W,1,0
YPL141C,YOL107W,1,0
YPL031C,YBL024W,1,0
YDR001C,YJL164C,0,0
YDR499W,YPL153C,1,0
YOR061W,YLR079W,1,0
YNL154C,YDL220C,1,0
YPL203W,YGL116W,1,0
YNL154C,YMR111C,1,0
YJL187C,YGR100W,1,0
YBL016W,YML045WA,1,0
YJL164C,YKL064W,1,0
YPL031C,YDR279W,1,0
YGR040W,YCL043C,1,0
YHR135C,YKR045C,1,0
YHR082C,YBR233W,1,0
YNL154C,YHR090C,1,0
YPL031C,YBR094W,1,0
YGL158W,YPR063C,1,0
YOL045W,YKR059W,1,0
YFR014C,YGL039W,1,0
YFL033C,YGR276C,1,0
YPL031C,YER131W,1,0
YBR059C,YGL105W,1,0
YGL180W,YHR014W,1,0
YFR014C,YGR028W,1,0
YJL095W,YBL007C,1,0
YNL154C,YNL034W,1,0
YIL147C,YLR006C,1,0
YGL180W,YFL054C,1,0
YKL101W,YDR023W,1,0
YBR160W,YDR001C,1,0
YOR267C,YBR072W,1,0
YJL164C,YBR155W,1,0
YPL209C,YGR113W,1,0
YPL031C,YLR050C,1,0
YLR096W,YPL106C,1,0
YBR160W,YDR309C,1,0
YBR160W,YJL194W,1,0
YBR160W,YLR131C,1,0
YJR059W,YGR159C,1,0
YJL164C,YOR092W,1,0
YGR040W,YPR091C,1,0
YMR216C,YML045WA,1,0
YPL031C,YNL225C,1,0
YFR014C,YNR033W,1,0
YGL019W,YGR140W,1,0
YFL033C,YNL157W,1,0
YPL031C,YOR056C,1,0
YNL307C,YBR086C,1,0
YPL204W,YMR153W,1,0
YDL214C,YMR140W,1,0
YPL031C,YOR177C,1,0
YMR216C,YCL011C,1,0
YOL128C,YLR303W,1,0
YKL116C,YNL272C,1,0
YBR059C,YDR354W,1,0
YJL164C,YGR234W,1,0
YPL042C,YJR130C,1,0
YJL164C,YPL133C,1,0
YJR059W,YDR001C,1,0
YHR135C,YOL103WA,1,0
YOR061W,YKL160W,1,0
YKL171W,YCL043C,1,0
YGL059W,YAL009W,1,0
YJR059W,YDR257C,1,0
YCR008W,YGL084C,1,0
YGL158W,YDL153C,1,0
YJL095W,YJL141C,1,0
YPR120C,YGL113W,1,0
YPL031C,YCR024C,1,0
YAL017W,YLR257W,1,0
YJR059W,YHR022C,1,0
YGR092W,YPL257WA,1,0
YHR079C,YBR108W,1,0
YBR160W,YGL096W,1,0
YBL016W,YOR151C,1,0
YGR040W,YLR316C,1,0
YHR135C,YOR047C,1,0
YDR477W,YER024W,1,0
YNL154C,YBR118W,1,0
YHR079C,YNR006W,1,0
YBL088C,YOR189W,1,0
YJL164C,YLL008W,1,0
YKL166C,YKL064W,1,0
YHR082C,YFL031W,1,0
YCR073C,YOR018W,1,0
YIL095W,YHL030W,1,0
YDR477W,YBR130C,1,0
YMR001C,YOR373W,1,0
YKL116C,YLR257W,1,0
YGL180W,YDR169C,1,0
YJR059W,YGR249W,1,0
YHR135C,YLR350W,1,0
YHR135C,YDL051W,1,0
YDR507C,YCL032W,1,0
YBR160W,YKL042W,1,0
YBR136W,YDL101C,1,0
YPL031C,YBL064C,1,0
YJL164C,YBR164C,1,0
YPL150W,YDR188W,1,0
YBR160W,YNL058C,1,0
YKL171W,YPL177C,1,0
YHR082C,YMR155W,1,0
YGL179C,YDR229W,1,0
YPL204W,YPR016C,1,0
YJL164C,YIL074C,1,0
YPL141C,YOR239W,1,0
YDL028C,YJL084C,1,0
YGR092W,YGR264C,1,0
YGL158W,YGL246C,1,0
YFR014C,YLL028W,1,0
YJL164C,YBL061C,1,0
YPL031C,YLR410WA,1,0
YJL106W,YML045WA,1,0
YHL007C,YKL129C,1,0
YKL126W,YDL022W,1,0
YNL307C,YDL209C,1,0
YHR135C,YOR162C,1,0
YNL154C,YDL201W,1,0
YBR160W,YPL209C,1,0
YBR160W,YOL070C,1,0
YDR523C,YOR252W,1,0
YGL180W,YDR208W,1,0
YNL298W,YBR298CA,1,0
YJL187C,YJR092W,1,0
YJR059W,YGR276C,1,0
YKL101W,YGL105W,1,0
YNL154C,YNL027W,1,0
YGL059W,YHR082C,1,0
YFR014C,YMR173W,1,0
YDR477W,YPR156C,1,0
YDR477W,YJL103C,1,0
YJL164C,YEL039C,1,0
YKL203C,YMR104C,1,0
YNL298W,YKL129C,1,0
YJR059W,YOR276W,1,0
YBR160W,YDR042C,1,0
YJL164C,YDL099W,1,0
YBR160W,YDR113C,1,0
YPR111W,YPL127C,1,0
YHR079C,YPL257WA,1,0
YPL153C,YJL128C,1,0
YHR082C,YPR091C,1,0
YHR135C,YNL284CA,1,0
YDR477W,YLR192C,1,0
YPL031C,YMR046C,1,0
YJL187C,YKL181W,1,0
YLR096W,YLR257W,1,0
YER129W,YGL035C,1,0
YBR160W,YAL019W,1,0
YNL154C,YLR221C,1,0
YNL298W,YBR061C,1,0
YJL187C,YLL022C,1,0
YPL209C,YMR229C,1,0
YPL031C,YDR161W,1,0
YJL164C,YLL029W,1,0
YGL179C,YHR028C,1,0
YNL307C,YGL051W,1,0
YDL028C,YDL028C,1,0
YLR096W,YJR044C,1,0
YGL059W,YGR285C,1,0
YGL179C,YGR167W,1,0
YBR136W,YDR217C,1,0
YDL214C,YHR121W,1,0
YBR160W,YCR065W,1,0
YHR135C,YLR244C,1,0
YPL031C,YGR135W,1,0
YBR160W,YLR219W,1,0
YBR136W,YJR035W,1,0
YOR233W,YMR229C,1,0
YFR014C,YDR099W,1,0
YPL031C,YFR022W,1,0
YDR477W,YMR165C,1,0
YJL164C,YGR267C,1,0
YGR092W,YJL213W,1,0
YHR135C,YOR119C,1,0
YDR477W,YKR071C,1,0
YDR477W,YHL033C,1,0
YOR351C,YKR021W,1,0
YJL164C,YNL166C,1,0
YIL095W,YJL044C,1,0
YKL116C,YOL086C,1,0
YBR160W,YDR123C,1,0
YDL214C,YMR102C,1,0
YJL164C,YPL203W,1,0
YNL154C,YMR229C,1,0
YHR135C,YJR089W,1,0
YGL179C,YNL192W,1,0
YOL113W,YIR039C,1,0
YPR119W,YJL076W,1,0
YPL031C,YOR362C,1,0
YBR059C,YDR312W,1,0
YHL007C,YBL002W,1,0
YJL165C,YBR108W,1,0
YNL289W,YHR042W,1,0
YKL101W,YBR130C,1,0
YCR008W,YOR018W,1,0
YHR082C,YPL244C,1,0
YOR119C,YOR119C,1,0
YBL016W,YDL153C,1,0
YJL164C,YGL014W,1,0
YJL164C,YJL084C,1,0
YNL307C,YCR073WA,1,0
YBR160W,YDR389W,1,0
YJL106W,YDL210W,1,0
YJR059W,YJL141C,1,0
YIL035C,YML074C,1,0
YKL171W,YMR184W,1,0
YDL101C,YML058W,1,0
YKL166C,YGL180W,1,0
YGL059W,YGR179C,1,0
YNL307C,YGR276C,1,0
YGR040W,YPR137CA,1,0
YBR160W,YDL140C,1,0
YJL165C,YML037C,1,0
YJL164C,YJL020C,1,0
YNL307C,YDR072C,1,0
YPL203W,YBR059C,1,0
YDR477W,YOR123C,1,0
YGL179C,YKL093W,1,0
YHR082C,YAR015W,1,0
YPL042C,YNL186W,1,0
YHR079C,YPR091C,1,0
YDR477W,YOR054C,1,0
YGR040W,YBL007C,1,0
YPL031C,YGL105W,1,0
YPL031C,YDR265W,1,0
YBR160W,YGR188C,1,0
YDL101C,YEL017W,1,0
YIL035C,YJR093C,1,0
YJL128C,YJR059W,1,0
YPL031C,YDL006W,1,0
YOL113W,YDR191W,1,0
YMR216C,YFL001W,1,0
YBR160W,YDL239C,1,0
YPL026C,YIL135C,1,0
YHR135C,YNL165W,1,0
YFR014C,YMR290C,1,0
YHR082C,YDR226W,1,0
YPL141C,YBL007C,1,0
YNL154C,YAL034WA,1,0
YGL180W,YOR119C,1,0
YGR092W,YLR303W,1,0
YNL307C,YMR205C,1,0
YNL154C,YNR006W,1,0
YPL031C,YEL042W,1,0
YJR059W,YFR048W,1,0
YPL031C,YKR041W,1,0
YPL031C,YNL196C,1,0
YKL171W,YDL210W,1,0
YJL164C,YOR113W,1,0
YDL028C,YFR046C,1,0
YJR059W,YHR184W,1,0
YKL166C,YHL020C,1,0
YJR059W,YKR021W,1,0
YHR135C,YAL034WA,1,0
YHL007C,YOL139C,1,0
YGL158W,YNL284CA,1,0
YHR079C,YLR410WA,1,0
YGR040W,YLL022C,1,0
YDL214C,YHR139C,1,0
YHR082C,YGL207W,1,0
YKL116C,YML073C,1,0
YFR014C,YGR249W,1,0
YDR122W,YIL107C,1,0
YPR119W,YBR160W,1,0
YBR160W,YIL140W,1,0
YNL307C,YBR225W,1,0
YER123W,YDR428C,1,0
YGL158W,YMR284W,1,0
YJL164C,YDL236W,1,0
YGR040W,YMR239C,1,0
YPL204W,YML035C,1,0
YLR096W,YIL044C,1,0
YNL307C,YOR028C,1,0
YHR082C,YML035C,1,0
YJL106W,YAL028W,1,0
YFR014C,YPR036W,1,0
YGL180W,YDR312W,1,0
YHR135C,YNL149C,1,0
YHR079C,YDR120C,1,0
YGL158W,YPR072W,1,0
YBR160W,YLR457C,1,0
YHR082C,YDL219W,1,0
YHR135C,YPR019W,1,0
YGL180W,YNL227C,1,0
YBR160W,YGR296W,1,0
YNL307C,YAL034C,1,0
YNL307C,YJL084C,1,0
YFR014C,YKR094C,1,0
YFR014C,YIL052C,1,0
YJL165C,YNL116W,1,0
YHR082C,YCR099C,1,0
YNL307C,YBR043C,1,0
YHR135C,YMR165C,1,0
YIL095W,YNL054WA,1,0
YPL031C,YNL149C,1,0
YKL048C,YDR477W,1,0
YAR019C,YML037C,1,0
Q0160,YBL075C,1,0
YPL031C,YLR059C,1,0
YFR014C,YNL186W,1,0
YLR248W,YDR385W,1,0
YHR030C,YLR182W,1,0
YBL016W,YGL099W,1,0
YJL187C,YDR443C,1,0
YPL153C,YOR033C,1,0
YHR135C,YNL022C,1,0
YPL141C,YKR071C,1,0
YBR160W,YHR216W,1,0
YDL214C,YNL227C,1,0
YJL187C,YFR029W,1,0
YKL166C,YOR334W,1,0
YMR001C,YPL153C,1,0
YGR092W,YPR137CA,1,0
YBL016W,YPR137CA,1,0
YHR082C,YCR105W,1,0
YBL016W,YPL257WA,1,0
YBR160W,YMR291W,1,0
YGL180W,YNL125C,1,0
YGL179C,YHR137W,1,0
YJL164C,YMR316W,1,0
YPL150W,YPR072W,1,0
YFL033C,YLR263W,1,0
YBR160W,YEL061C,1,0
YIL095W,YGL245W,1,0
YJL141C,YBR273C,1,0
YPL150W,YKR048C,1,0
YPL031C,YFL001W,1,0
YGL180W,YAL028W,1,0
YJL095W,YDR170WA,1,0
YHR135C,YNL186W,1,0
YNL307C,YDR259C,1,0
YHR079C,YPL254W,1,0
YIL095W,YNL243W,1,0
YHR135C,YPR129W,1,0
YPL203W,YKL064W,1,0
YFR014C,YOR054C,1,0
YJL095W,YNL125C,1,0
YPL204W,YLL008W,1,0
YJL106W,YDR310C,1,0
YHR082C,YIL135C,1,0
YCR091W,YML083C,1,0
YBL016W,YDR480W,1,0
YPL026C,YOL065C,1,0
YPR161C,YDL140C,1,0
YJL187C,YIL034C,1,0
YJL164C,YLL043W,1,0
YHR135C,YMR102C,1,0
YNL298W,YMR232W,1,0
YBL016W,YPR115W,1,0
YJL187C,YDR316W,1,0
YGL180W,YDL153C,1,0
YJL164C,YNL007C,1,0
YGL180W,YJR092W,1,0
YGL180W,YNL186W,1,0
YJL095W,YJR063W,1,0
YKL171W,YAL028W,1,0
YMR216C,YOR141C,1,0
YGL179C,YKL042W,1,0
YPL031C,YMR155W,1,0
YGL180W,YKL093W,1,0
YFR014C,YOL148C,1,0
YJR059W,YIL167W,1,0
YBR160W,YLR425W,1,0
YHR082C,YAL020C,1,0
YGL158W,YJR115W,1,0
YGL179C,YLR055C,1,0
YGL179C,YGR153W,1,0
YKL116C,YBR179C,1,0
YPL031C,YKL181W,1,0
YJL164C,YHR105W,1,0
YJL164C,YDR293C,1,0
YFL033C,YCR052W,1,0
YGR052W,YDL153C,1,0
YHR082C,YOR224C,1,0
YPL031C,YOR083W,1,0
YNL154C,YJR048W,1,0
YDL017W,YBR202W,1,0
YPL141C,YBR169C,1,0
YHR082C,YML045WA,1,0
YHR135C,YGL245W,1,0
YPL031C,YMR029C,1,0
YNL307C,YML012W,1,0
YPL031C,YJL218W,1,0
YPL141C,YBL047C,1,0
YHR082C,YPR158CC,1,0
YHL007C,YDR224C,1,0
YHR135C,YOR153W,1,0
YKL166C,YLR443W,1,0
YBR160W,YER098W,1,0
YJL164C,YKL038W,1,0
YKL166C,YLR044C,1,0
YJL141C,YGL073W,1,0
YGL179C,YPL133C,1,0
YAL017W,YML073C,1,0
YBR160W,YER032W,1,0
YKL166C,YDR172W,1,0
YCR008W,YBR107C,1,0
YGL059W,YDL223C,1,0
YHR082C,YDR188W,1,0
YPL031C,YML045WA,1,0
YGR092W,YNL125C,1,0
YHL007C,YDL070W,1,0
YPL203W,YJL141C,1,0
YLR096W,YLR375W,1,0
YNL154C,YMR036C,1,0
YKL166C,YNL227C,1,0
YHL007C,YIL156W,1,0
YNL298W,YHR056C,1,0
YLL019C,YLR044C,1,0
YBR160W,YPR111W,1,0
YPL153C,YBR108W,1,0
YPL256C,YPL124W,1,0
YGR092W,YJL108C,1,0
YBL016W,YAL034C,1,0
YKL101W,YKL152C,1,0
YBR160W,YDL089W,1,0
YJR059W,YML096W,1,0
YHR082C,YOR107W,1,0
YPL209C,YJL013C,1,0
YBL016W,YHR131C,1,0
YNL154C,YBL014C,1,0
YJL187C,YNL277W,1,0
YNL307C,YER122C,1,0
YBR160W,YFR027W,1,0
YKL171W,YPR160W,1,0
YNL154C,YHR104W,1,0
YGL059W,YMR165C,1,0
YKL101W,YML042W,1,0
YJL164C,YJL033W,1,0
YGL180W,YNL314W,1,0
YFR014C,YLR307W,1,0
YJL164C,YDR273W,1,0
YGL180W,YER098W,1,0
YPL031C,YIL047C,1,0
YNL307C,YAL028W,1,0
YNL298W,YLR314C,1,0
YBR059C,YOR257W,1,0
YGL059W,YHR157W,1,0
YPL031C,YER009W,1,0
YJR059W,YGL055W,1,0
YDR477W,YIL112W,1,0
YHR135C,YNL199C,1,0
YJR059W,YIL112W,1,0
YPL203W,YMR081C,1,0
YMR216C,YER125W,1,0
YHR135C,YJR076C,1,0
YGR092W,YGL105W,1,0
YKL166C,YMR081C,1,0
YJL095W,YML083C,1,0
YPL031C,YMR205C,1,0
YJL164C,YPR115W,1,0
YKL101W,YNL007C,1,0
YHR205W,YNL167C,1,0
YNL154C,YDR295C,1,0
YPL031C,YJL103C,1,0
YPL031C,YHR112C,1,0
YLR248W,YDR021W,1,0
YBL016W,YDR440W,1,0
YHR135C,YMR036C,1,0
YJR059W,YGR241C,1,0
YJL164C,YKL146W,1,0
YMR001C,YKL022C,1,0
YHR079C,YHR079C,1,0
YKL166C,YJR014W,1,0
YJL164C,YDR312W,1,0
YBL016W,YMR186W,1,0
YGR040W,YJR069C,1,0
YNL298W,YGR276C,1,0
YNL154C,YDL225W,1,0
YJL164C,YOL130W,1,0
YGL180W,YER092W,1,0
YMR139W,YGL035C,1,0
YOR233W,YBR109C,1,0
YHR082C,YMR190C,1,0
YHR135C,YLR429W,1,0
YBL016W,YPR086W,1,0
YMR216C,YHR090C,1,0
YNL307C,YKL168C,1,0
YJR059W,YKL094W,1,0
YPL031C,YDR032C,1,0
YHR082C,YML054C,1,0
YDR477W,YHR214CC,1,0
YHL007C,YDR037W,1,0
YLR096W,YDL203C,1,0
YPL141C,YDL006W,1,0
YJL164C,YFR017C,1,0
YPL031C,YMR250W,1,0
YBR059C,YIL091C,1,0
YHR082C,YNL064C,1,0
YBR160W,YCL063W,1,0
YLR248W,YJL051W,1,0
YDR477W,YJL084C,1,0
YJL164C,YML037C,1,0
YPL031C,YLR264W,1,0
YPL031C,YBL058W,1,0
YDR477W,YMR102C,1,0
YHR135C,YDR239C,1,0
YMR139W,YMR291W,1,0
YDL028C,YDR356W,1,0
YHR082C,YLR220W,1,0
YCL061C,YPL153C,0,0
YKL101W,YDL002C,1,0
YPL031C,YNR033W,1,0
YHR135C,YNL293W,1,0
YNL307C,YNR047W,1,0
YJL164C,YIL135C,1,0
YPL209C,YPR115W,1,0
YDL028C,YNL186W,1,0
YJR059W,YDR251W,1,0
YKL166C,YLR113W,1,0
YGL180W,YFL001W,1,0
YJL164C,YNL196C,1,0
YNL154C,YNR019W,1,0
YGR092W,YMR184W,1,0
YPL031C,YLR079W,1,0
YFR014C,YDR001C,1,0
YFR014C,YER054C,1,0
YJL164C,YHR214CC,1,0
YJL187C,YLR125W,1,0
YLR096W,YOR100C,1,0
YBR136W,YDR499W,1,0
YJR059W,YNR013C,1,0
YPL026C,YNL065W,1,0
YHR079C,YDR034CC,1,0
YPL031C,YNL326C,1,0
YJL187C,YJL084C,1,0
YHR079C,YDL006W,1,0
YIL095W,YBL007C,1,0
YBR160W,YAL040C,1,0
YNL154C,YLR372W,1,0
YFR014C,YER131W,1,0
YGR092W,YOR228C,1,0
YGL180W,YFL034W,1,0
YHR135C,YOL070C,1,0
YGL179C,YML045WA,1,0
YPL031C,YBR109C,1,0
YJL164C,YHR073W,1,0
YKL116C,YOL125W,1,0
YNL154C,YOL104C,1,0
YFR014C,YER157W,1,0
YJR059W,YJL123C,1,0
YHR082C,YNL181W,1,0
YMR001C,YPR013C,1,0
YPL026C,YAR019C,1,0
YNL154C,YDR109C,1,0
YGR040W,YHL021C,1,0
YGR092W,YKL146W,1,0
YJR059W,YNL293W,1,0
YGL179C,YJR076C,1,0
YJL164C,YDR208W,1,0
YHR082C,YPL041C,1,0
YHR135C,YBR155W,1,0
YJR059W,YKL064W,1,0
YJL106W,YNL186W,1,0
YJL164C,YDR229W,1,0
YJL057C,YAL034WA,1,0
YKL101W,YNR006W,1,0
YJL057C,YGL245W,1,0
YFR014C,YPL133C,1,0
YJL164C,YLR173W,1,0
YJR059W,YLR437C,1,0
YPL031C,YGL209W,1,0
YJL187C,YER116C,1,0
YKL171W,YPR203W,1,0
YJL165C,YHR201C,1,0
YNL154C,YGR159C,1,0
YOR233W,YJR053W,1,0
YGL059W,YBR142W,1,0
YPL203W,YAL038W,1,0
YHL007C,YCR073WA,1,0
YOL016C,YML096W,1,0
YPL141C,YAR019C,1,0
YJL164C,YHR182W,1,0
YHR135C,YOR042W,1,0
YJL164C,YLR410WA,1,0
YHR082C,YBR121C,1,0
YNL307C,YMR184W,1,0
YGR040W,YFR038W,1,0
YGL180W,YLR429W,1,0
YGR092W,YML037C,1,0
YNL154C,YPR158CC,1,0
YHR079C,YMR229C,1,0
YDR477W,YDL025C,1,0
YKL171W,YKR097W,1,0
YBR160W,YKR078W,1,0
YCR073C,YMR165C,1,0
YDR122W,YCR073WA,1,0
YGL059W,YGL205W,1,0
YGL180W,YPL190C,1,0
YPL031C,YBR118W,1,0
YJR059W,YOR083W,1,0
YOL113W,YAR018C,1,0
YJL187C,YER024W,1,0
YGL180W,YER122C,1,0
YBR160W,YDR027C,1,0
YGL158W,YJR105W,1,0
YDR477W,YDR113C,1,0
YIL095W,YOR210W,1,0
YJR059W,YKL008C,1,0
YJR066W,YOL139C,1,0
YGL180W,YOR083W,1,0
YPL031C,YIL118W,1,0
YHL007C,YPL217C,1,0
YJL187C,YHR156C,1,0
YIL095W,YBR108W,1,0
YPL141C,YGR258C,1,0
YGL180W,YDR362C,1,0
YHR030C,YDL140C,1,0
YLR113W,YDL140C,1,0
YKL166C,YER168C,1,0
YGL180W,YLL008W,1,0
YHR079C,YPR137CA,1,0
YPL031C,YHR182W,1,0
YPL026C,YAL023C,1,0
YPL203W,YOR140W,1,0
YOL100W,YNR006W,1,0
YGL059W,YKR092C,1,0
YPL153C,YBL024W,1,0
YFR014C,YLR102C,1,0
YBL016W,YDR153C,1,0
YPL026C,YDR226W,1,0
YFR014C,YJR001W,1,0
YKL166C,YIL002C,1,0
YNL307C,YJL110C,1,0
YPL031C,YPL222W,1,0
YHR135C,YNL073W,1,0
YGL059W,YFR017C,1,0
YNL154C,YBR225W,1,0
YIL095W,YGR027C,1,0
YPL203W,YDR169C,1,0
YJL187C,YNL145W,1,0
YPL153C,YDR023W,1,0
YBR160W,YHL035C,1,0
YDL214C,YDL153C,1,0
YBL016W,YJL117W,1,0
YHR135C,YGR249W,1,0
YJL106W,YMR284W,1,0
YJR059W,YDL102W,1,0
YKL048C,YIL033C,1,0
YOR061W,YNL131W,1,0
YPL031C,YIL033C,1,0
YLR113W,YLL043W,1,0
YDR283C,YGR054W,1,0
YGL180W,YPL100W,1,0
YIL035C,YOR057W,1,0
YGL180W,YGL190C,1,0
YPL031C,YGL062W,1,0
YPL026C,YFR017C,1,0
YHR205W,YDR054C,1,0
YJR059W,YJR001W,1,0
YGR092W,YNL007C,1,0
YKL171W,YOL125W,1,0
YJL095W,YPR058W,1,0
YPL236C,YDR225W,1,0
YHR135C,YPR143W,1,0
YGL158W,YER036C,1,0
YJL106W,YOL104C,1,0
YPL031C,YAL060W,1,0
YBR160W,YHR158C,1,0
YDL101C,YPL177C,1,0
YDL028C,YAR019C,1,0
YHR135C,YLL008W,1,0
YGL180W,YPR129W,1,0
YDL108W,YDL140C,1,0
YHR135C,YDR134C,1,0
YOR351C,YLR319C,1,0
YPL031C,YFL034W,1,0
YGR040W,YNR006W,1,0
YHR135C,YNL189W,1,0
YDL214C,YAR018C,1,0
YDR477W,YNL007C,1,0
YHR030C,YGL122C,1,0
YPL141C,YJR142W,1,0
YPL031C,YKL116C,1,0
YJR059W,YER078C,1,0
YIL035C,YFR034C,1,0
YNL154C,YDL039C,1,0
YFR014C,YDR019C,1,0
YJL187C,YPR152C,1,0
YBL016W,YBL055C,1,0
YHR079C,YDR533C,1,0
YJL164C,YDR309C,1,0
YHR135C,YPR137CA,1,0
YPL256C,YGL075C,1,0
YGL179C,YNL066W,1,0
YBR160W,YGR092W,1,0
YKL203C,YPR185W,1,0
YJR059W,YDR293C,1,0
YJL187C,YGL209W,1,0
YFR014C,YJL136C,1,0
YHR135C,YOL078W,1,0
YNL154C,YGL008C,1,0
YKL166C,YKL114C,1,0
YJL164C,YOR054C,1,0
YGL180W,YDL070W,1,0
YBR160W,YPR160W,1,0
YJR059W,YBR035C,1,0
YPL026C,YAL034WA,1,0
YHR135C,YDL115C,1,0
YBR160W,YDR239C,1,0
YJL057C,YPR013C,1,0
YJL106W,YFL023W,1,0
YDR477W,YJR019C,1,0
YPL209C,YKR009C,1,0
YNL225C,YBR160W,1,0
YNL298W,YLR362W,1,0
YHR082C,YOR181W,1,0
YFR014C,YOR257W,1,0
YGR092W,YPL150W,1,0
YHR082C,YNL189W,1,0
YKL116C,YBL011W,1,0
YFR014C,YPL100W,1,0
YHR082C,YNL022C,1,0
YDR477W,YFR010W,1,0
YHR082C,YNL007C,1,0
YGL180W,YPR019W,1,0
YDR466W,YJL089W,1,0
YJL187C,YDR346C,1,0
YBR160W,YLR394W,1,0
YHL007C,YBL014C,1,0
YBR160W,YOL036W,1,0
YGL180W,YOR054C,1,0
YPL031C,YDR146C,1,0
YGL179C,YDL070W,1,0
YFL033C,YOL147C,1,0
YHL007C,YAL020C,1,0
YIL035C,YLL008W,1,0
YIL035C,YDR346C,1,0
YNL307C,YGL186C,1,0
YHR079C,YNL054WA,1,0
YHR082C,YDL035C,1,0
YKL101W,YGR276C,1,0
YHL007C,YDR330W,1,0
YNL154C,YLR410W,1,0
YPL031C,YHR042W,1,0
YNL154C,YJR056C,1,0
YBL105C,YOL100W,0,0
YPL031C,YGR090W,1,0
YJR059W,YOR230W,1,0
YJL164C,YDL223C,1,0
YHR135C,YOR177C,1,0
YPL031C,YGR027WA,1,0
YOR351C,YIL038C,1,0
YFR014C,YBR177C,1,0
YFR014C,YPR187W,1,0
YDR477W,YMR290C,1,0
YNL154C,YDR184C,1,0
YHR135C,YNL304W,1,0
YHR135C,YDR169C,1,0
YPL153C,YGL245W,1,0
YJL095W,YNL155W,1,0
YJL187C,YIL091C,1,0
YIL095W,YGR094W,1,0
YJR059W,YPR115W,1,0
YGR092W,YJR094WA,1,0
YBR160W,YKL185W,1,0
YBL016W,YER122C,1,0
YJR059W,YNL045W,1,0
YPL031C,YKR009C,1,0
YBL016W,YLR003C,1,0
YJR059W,YKR022C,1,0
YDL028C,YIL106W,1,0
YJL164C,YMR290C,1,0
YPL209C,YDR130C,1,0
YBR160W,YDL106C,1,0
YJL187C,YOR340C,1,0
YBR160W,YNL068C,1,0
YJL187C,YGR153W,1,0
YBL016W,YNL284CA,1,0
YMR001C,YPR007C,1,0
YGL179C,YOR141C,1,0
YKL139W,YGL123W,1,0
YMR001C,YIL031W,1,0
YIL035C,YDR054C,1,0
YPL031C,YLR274W,1,0
YPL031C,YGL254W,1,0
YBR274W,YDR113C,1,0
YFR014C,YIL107C,1,0
YKL171W,YPL172C,1,0
YGR040W,YDR480W,1,0
YDL028C,YPR048W,1,0
YPL031C,YHR200W,1,0
YGL059W,YPL077C,1,0
YBL105C,YLR133W,1,0
YHR079C,YLR429W,1,0
YHR135C,YER082C,1,0
YHR135C,YPR158CC,1,0
YOR231W,YML083C,1,0
YPL141C,YDL074C,1,0
YKL101W,YMR285C,1,0
YNL307C,YDR293C,1,0
YGR040W,YJR105W,1,0
YPL031C,YLR258W,1,0
YOR061W,YOL026C,1,0
YGR262C,YKR038C,1,0
YDR477W,YIL107C,1,0
YGR092W,YMR229C,1,0
YPL203W,YIL107C,1,0
YDL101C,YJL111W,1,0
YOR039W,YLR079W,1,0
YJL164C,YLR265C,1,0
YNL154C,YBL057C,1,0
YCR091W,YMR165C,1,0
YGR040W,YLR307W,1,0
YPL150W,YDL220C,1,0
YCR073C,YDL125C,1,0
YPL031C,YDR167W,1,0
YLR113W,YIR006C,1,0
YHR079C,YMR239C,1,0
YJL164C,YDR070C,1,0
YHR082C,YDL002C,1,0
YHR079C,YOR207C,1,0
YIL095W,YML037C,1,0
YHR135C,YNL027W,1,0
YBL016W,YHR214CC,1,0
YJL187C,YNL227C,1,0
YOR233W,YMR068W,1,0
YPL031C,YLL024C,1,0
YNL154C,YDL019C,1,0
YLL019C,YAR019C,1,0
YJL165C,YGL105W,1,0
YFR014C,YIR003W,1,0
YHL007C,YBR122C,1,0
YGL158W,YPR160W,1,0
YFR014C,YDR354W,1,0
YCR091W,YJL089W,1,0
YJR059W,YKR092C,1,0
YGL180W,YGL209W,1,0
YJR059W,YDL117W,1,0
YPL209C,YMR262W,1,0
YPL031C,YCL018W,1,0
YHR135C,YJL198W,1,0
YBR160W,YLR401C,1,0
YGR040W,YMR241W,1,0
YBR160W,YMR129W,1,0
YBR059C,YPL223C,1,0
YGR092W,YNL284CA,1,0
YFR014C,YBR169C,1,0
YPL031C,YML016C,1,0
YJL165C,YGL134W,1,0
YJL164C,YDR379W,1,0
YBR160W,YDL174C,1,0
YJL187C,YOR254C,1,0
YJL187C,YEL012W,1,0
YFR014C,YKL128C,1,0
YJL187C,YGL079W,1,0
YGL158W,YHR001W,1,0
YPL141C,YML035C,1,0
YBR059C,YGR021W,1,0
YNL154C,YDL051W,1,0
YBR160W,YGR276C,1,0
YPL031C,YEL009C,1,0
YHR135C,YBR055C,1,0
YPL031C,YER095W,1,0
YGL158W,YOR089C,1,0
YNL154C,YKL073W,1,0
YBL016W,YEL053C,1,0
YKL166C,YDR285W,1,0
YHR135C,YKR048C,1,0
YHR135C,YBR270C,1,0
YPL031C,YPL249C,1,0
YPL026C,YOR020C,1,0
YJR059W,YDR505C,1,0
YJL106W,YGR276C,1,0
YHR135C,YKR022C,1,0
YGR040W,YFL023W,1,0
YML032C,YGL113W,1,0
YPL204W,YNL178W,1,0
YMR216C,YOR239W,1,0
YFR014C,YBL064C,1,0
YCR091W,YAL028W,1,0
YBR160W,YMR190C,1,0
YIL095W,YPL131W,1,0
YGL180W,YBL055C,1,0
YJL164C,YNL131W,1,0
YHR135C,YBR130C,1,0
YGL059W,YKL116C,1,0
YNL307C,YDL070W,1,0
YOR039W,YBR009C,1,0
YJL164C,YMR182C,1,0
YKL171W,YHR131C,1,0
YJL187C,YHL024W,1,0
YGL059W,YDR068W,1,0
YJL187C,YMR186W,1,0
YJL187C,YLL008W,1,0
YJL057C,YOL078W,1,0
YKL166C,YNR006W,1,0
YOL113W,YBL011W,1,0
YFR014C,YPR083W,1,0
YKL171W,YFL014W,1,0
YDL214C,YBL024W,1,0
YJL128C,YKL038W,1,0
YHR082C,YMR285C,1,0
YBR160W,YDL070W,1,0
YBR160W,YIR023W,1,0
YPL031C,YNL245C,1,0
YDL108W,YOR272W,1,0
YJR059W,YDL070W,1,0
YIL035C,YJR096W,1,0
YJL164C,YLR244C,1,0
YBR160W,YIL112W,1,0
YGL180W,YGR130C,1,0
YPL153C,YNR009W,1,0
YNL307C,YDL186W,1,0
YNL154C,YBR130C,1,0
YOR061W,YDR346C,1,0
YJL106W,YBR130C,1,0
YHR082C,YAL039C,1,0
YGL180W,YGR038CA,1,0
YOL045W,YOR276W,1,0
YGL179C,YPR083W,1,0
YPL042C,YHR084W,1,0
YJL187C,YPR139C,1,0
YHR082C,YOL091W,1,0
YOL113W,YKL178C,1,0
YPL031C,YPR042C,1,0
YGR040W,YNL288W,1,0
YGL059W,YPL006W,1,0
YDR477W,YLR150W,1,0
YCR073C,YCL043C,1,0
YHR082C,YBR225W,1,0
YAR019C,YOR018W,1,0
YHR135C,YIL075C,1,0
YJL057C,YOL125W,1,0
YPL209C,YKL023W,1,0
YMR216C,YLR276C,1,0
YJR059W,YGR100W,1,0
YDL101C,YLR001C,1,0
YMR216C,YGL105W,1,0
YJL141C,YJL141C,1,0
YJL095W,YBL024W,1,0
YPL031C,YLR125W,1,0
YKL101W,YMR155W,1,0
YPL209C,YBL055C,1,0
YNL020C,YJR104C,1,0
YFR014C,YNL316C,1,0
YNL307C,YNL307C,1,0
YNL154C,YER063W,1,0
YKL166C,YJR001W,1,0
YJL164C,YOL070C,1,0
YHL007C,YOL098C,1,0
YHL007C,YBR086C,1,0
YHR135C,YML037C,1,0
YJL164C,YIL047C,1,0
YNL307C,YIL135C,1,0
YHR079C,YNL097C,1,0
YGL180W,YKL048C,1,0
YMR001C,YDR052C,1,0
YGR040W,YAL028W,1,0
YJL164C,YER010C,1,0
YIL035C,YLR079W,1,0
YHR058C,YDL140C,1,0
YHR135C,YDR190C,1,0
YHR135C,YDR301W,1,0
YPL031C,YOL066C,1,0
YHR135C,YGR165W,1,0
YHR082C,YMR295C,1,0
YJL164C,YNR019W,1,0
YHR082C,YNL073W,1,0
YBR160W,YMR001C,1,0
YOR351C,YFL034W,1,0
YDR247W,YIL107C,1,0
YFL033C,YIL116W,1,0
YDL214C,YCR073WA,1,0
YBL105C,YOR372C,1,0
YPL031C,YIL034C,1,0
YPR161C,YMR036C,1,0
YLR248W,YPR160W,1,0
YJL187C,YMR205C,1,0
YKL171W,YDR134C,1,0
YBL016W,YPR139C,1,0
YGL180W,YDL025C,1,0
YBR160W,YLR238W,1,0
YJL164C,YDR035W,1,0
YOL113W,YML037C,1,0
YDR477W,YGR252W,1,0
YCR073C,YDR007W,1,0
YGL179C,YPR135W,1,0
YNL307C,YNL284CA,1,0
YPL153C,YER064C,1,0
YKL139W,YJL089W,1,0
YJL164C,YNL027W,1,0
YOR061W,YHL020C,1,0
YPL203W,YDR001C,1,0
YHR135C,YLR192C,1,0
YHR135C,YNL245C,1,0
YPL204W,YMR203W,1,0
YNL154C,YCR024C,1,0
YIL035C,YKL093W,1,0
YPL031C,YKR094C,1,0
YJR059W,YDL045WA,1,0
YKL203C,YOL139C,1,0
YPL256C,YKL042W,1,0
YHR082C,YBR265W,1,0
YPR054W,YPR054W,1,0
YHR135C,YLR276C,1,0
YJL095W,YKL168C,1,0
YHR135C,YDR277C,1,0
YNL154C,YHL009C,1,0
YPL203W,YMR184W,1,0
YOR039W,YNL131W,1,0
YMR001C,YNL102W,1,0
YJL164C,YNL272C,1,0
YBR160W,YNL152W,1,0
YJR059W,YKL093W,1,0
YHR082C,YDR074W,1,0
YJL164C,YHL013C,1,0
YGR040W,YGR078C,1,0
YGL059W,YOL016C,1,0
YFR014C,YML030W,1,0
YOR351C,YKL159C,1,0
YJL106W,YDR059C,1,0
YHR135C,YDL140C,1,0
YJR059W,YKL168C,1,0
YPL153C,YER122C,1,0
YHR206W,YIL147C,0,0
YDL101C,YDR523C,1,0
YGR092W,YGR223C,1,0
YDL101C,YHR185C,1,0
YBL016W,YDL070W,1,0
YJR059W,YJR044C,1,0
YGL059W,YNL245C,1,0
YJR059W,YBL058W,1,0
YHR135C,YDR188W,1,0
YPL031C,YBR133C,1,0
YGR092W,YMR239C,1,0
YHR082C,YDL166C,1,0
YFR014C,YMR140W,1,0
YBR160W,YNL284CA,1,0
YPL031C,YBL084C,1,0
YGL179C,YJL084C,1,0
YPL031C,YMR153W,1,0
YPL031C,YKL064W,1,0
YIL035C,YKL160W,1,0
YJR059W,YMR102C,1,0
YHR082C,YBR151W,1,0
YLR248W,YDR169C,1,0
YMR001C,YJR053W,1,0
YJL095W,YNL077W,1,0
YJL164C,YOR239W,1,0
YPL031C,YPR188C,1,0
YOL100W,YOL016C,1,0
YHR135C,YCR014C,1,0
YJL165C,YDL039C,1,0
YGL180W,YLR244C,1,0
YHR135C,YMR081C,1,0
YHR135C,YDL013W,1,0
YHL007C,YAL028W,1,0
YJR059W,YLR301W,1,0
YJL106W,YGR130C,1,0
YDL028C,YGL093W,1,0
YJR059W,YDR137W,1,0
YNL154C,YNR047W,1,0
YPL031C,YNL165W,1,0
YPL141C,YMR155W,1,0
YBR160W,YDR285W,1,0
YJR059W,YGL105W,1,0
YBL016W,YNL227C,1,0
YHL007C,YGL245W,1,0
YBR160W,YKL052C,1,0
YGL180W,YIL107C,1,0
YPL204W,YPL204W,1,0
YJR059W,YDL143W,1,0
YJL164C,YHL024W,1,0
YHR135C,YLL043W,1,0
YPL031C,YOR032C,1,0
YKL116C,YPR013C,1,0
YHL007C,YNL027W,1,0
YKL101W,YLR011W,1,0
YPL031C,YER061C,1,0
YMR139W,YKL093W,1,0
YGR040W,YFL048C,1,0
YHR135C,YJL084C,1,0
YBR059C,YPL106C,1,0
YIL035C,YNL131W,1,0
YFR014C,YFL054C,1,0
YLR248W,YHR031C,1,0
YFR014C,YIL010W,1,0
YBR136W,YOR189W,1,0
YBL016W,YBL016W,1,0
YGL059W,YHR028C,1,0
YHR082C,YKL051W,1,0
YOL016C,YMR165C,1,0
YGL180W,YFR038W,1,0
YGL179C,YMR304W,1,0
YOR233W,YDR264C,1,0
YIL095W,YGR276C,1,0
YFR014C,YBL078C,1,0
YGR052W,YNL186W,1,0
YJR059W,YKL116C,1,0
YFR014C,YLR060W,1,0
YJL164C,YKL166C,1,0
YHR079C,YNL065W,1,0
YGR092W,YBR108W,1,0
YPL031C,YLR276C,1,0
YHR135C,YBL007C,1,0
YGL180W,YDR113C,1,0
YJL164C,YLR363C,1,0
YJR059W,YHR207C,1,0
YFR014C,YDR113C,1,0
YGR092W,YOL012C,1,0
YPL031C,YBL047C,1,0
YHR135C,YDR113C,1,0
YBR160W,YDR134C,1,0
YOR231W,YKL015W,1,0
YNL154C,YML096W,1,0
YDL101C,YLR098C,1,0
YBR136W,YPR010C,1,0
YGL180W,YHR009C,1,0
YIL095W,YEL058W,1,0
YPL031C,YMR165C,1,0
YJL057C,YML121W,1,0
YBR160W,YGL090W,1,0
YJL164C,YNL121C,1,0
YGL180W,YMR140W,1,0
YOL113W,YHL004W,1,0
YKL166C,YKR072C,1,0
YHR135C,YOL059W,1,0
YPL031C,YGR001C,1,0
YPL031C,YJR082C,1,0
YHR135C,YHR081W,1,0
YHR082C,YGL051W,1,0
YOL113W,YDL045WA,1,0
YJL164C,YMR229C,1,0
YBR160W,YKL022C,1,0
YGL059W,YGR266W,1,0
YKL166C,YOR163W,1,0
YNL307C,YDL002C,1,0
YNL307C,YOL125W,1,0
YPL141C,YGL084C,1,0
YFR014C,YPR171W,1,0
YHR079C,YDR134C,1,0
YHR135C,YLR003C,1,0
YGR040W,YGR034W,1,0
YNR031C,YNR031C,1,0
YDL214C,YDL220C,1,0
YPL031C,YNL021W,1,0
YNL154C,YPR152C,1,0
YJL164C,YKR048C,1,0
YNL161W,YLR131C,1,0
YHR135C,YHR214CC,1,0
YLR096W,YIL135C,1,0
YPL031C,YKL197C,1,0
YLR113W,YLR079W,1,0
YPL031C,YOL123W,1,0
YPL203W,YMR037C,1,0
YHR082C,YMR302C,1,0
YPL026C,YFL016C,1,0
YPL153C,YBR130C,1,0
YIL035C,YOR254C,1,0
YJL187C,YBL047C,1,0
YNL154C,YLR393W,1,0
YPL031C,YJR076C,1,0
YBR059C,YOR329C,1,0
YBR160W,YLR307W,1,0
YNL307C,YEL015W,1,0
YGL180W,YJR072C,1,0
YGL180W,YGR159C,1,0
YPL153C,YLR335W,1,0
YHL007C,YNL101W,1,0
YJL106W,YLR295C,1,0
YPL209C,YNL031C,1,0
YCR091W,YNL045W,1,0
YJR059W,YJL070C,1,0
YJL164C,YER122C,1,0
YMR216C,YDR432W,1,0
YBR160W,YNL257C,1,0
YJL106W,YJL108C,1,0
YGL059W,YDL019C,1,0
YPL026C,YER064C,1,0
YPL203W,YER109C,1,0
YHR082C,YOL125W,1,0
YJL095W,YNL022C,1,0
YHR082C,YDL149W,1,0
YJL164C,YBL085W,1,0
YNL307C,YDL166C,1,0
YGL059W,YBR059C,1,0
YNL154C,YMR285C,1,0
YDR523C,YJR078W,1,0
YOR061W,YGR270W,1,0
YJL187C,YBL057C,1,0
YHR079C,YOL103WA,1,0
YNL154C,YPR198W,1,0
YGL179C,YPR115W,1,0
YHL007C,YBR063C,1,0
YNL154C,YJL111W,1,0
YCR008W,YHR056C,1,0
YIL095W,YPR160W,1,0
YNL154C,YDR208W,1,0
YOR231W,YDL166C,1,0
YJL095W,YBR225W,1,0
YJL187C,YKR094C,1,0
YGL180W,YEL017W,1,0
YCR008W,YNL253W,1,0
YPL031C,YPL281C,1,0
YBR160W,YML119W,1,0
YPL141C,YFL023W,1,0
YJL164C,YIL107C,1,0
YPL031C,YJL084C,1,0
YLR137W,YGL135W,1,0
YHR082C,YOR196C,1,0
YGL059W,YOL070C,1,0
YNL154C,YHR082C,1,0
YHR082C,YBR247C,1,0
YFR014C,YEL017W,1,0
YNL154C,YBL064C,1,0
YPL031C,YIL075C,1,0
YPL031C,YLR027C,1,0
YPL031C,YOL041C,1,0
YKL171W,YER064C,1,0
YPL204W,YOR187W,1,0
YNL307C,YER098W,1,0
YGR040W,YJR142W,1,0
YHR135C,YOR340C,1,0
YGL180W,YLR276C,1,0
YJL164C,YBR118W,1,0
YHR082C,YGL256W,1,0
YBR160W,YOL092W,1,0
YKL166C,YOL121C,1,0
YPL204W,YNL027W,1,0
YKL171W,YNL027W,1,0
YKL101W,YML035C,1,0
YHL007C,YGR108W,1,0
YLR248W,YDL128W,1,0
YJL164C,YLR350W,1,0
YHR135C,YJR001W,1,0
YGR092W,YDL220C,1,0
YKL166C,YKL171W,1,0
YKL166C,YDL179W,1,0
YLR362W,YDL159W,1,0
YHR082C,YDL113C,1,0
YHR135C,YNL173C,1,0
YKL048C,YPL128C,1,0
YGL180W,YOR123C,1,0
YBL016W,YDR120C,1,0
YFL033C,YBR035C,1,0
YCR091W,YDL002C,1,0
YPL209C,YOR058C,1,0
YDR490C,YMR104C,1,0
YJL164C,YKL062W,1,0
YGR040W,YBL024W,1,0
YHR135C,YFR029W,1,0
YCR091W,YDL039C,1,0
YJR059W,YJL136C,1,0
YPL256C,YMR273C,1,0
YHL007C,YOR092W,1,0
YJL164C,YMR153W,1,0
YBR160W,YGL175C,1,0
YOR351C,YDR207C,1,0
YPL031C,YPR139C,1,0
YJL095W,YDR152W,1,0
YCR008W,YLL011W,1,0
YGL179C,YLR276C,1,0
YGR040W,YNL186W,1,0
YGL180W,YNL165W,1,0
YBR160W,YOR188W,1,0
YKL166C,YOR187W,1,0
YGL180W,YIL156W,1,0
YFR014C,YER092W,1,0
YJL164C,YBR157C,1,0
YJR066W,YPR185W,1,0
YBR160W,YDL028C,1,0
YFR014C,YKL149C,1,0
YKL171W,YOL006C,1,0
YOR231W,YHR157W,1,0
YJL164C,YDR158W,1,0
YBR160W,YPR018W,1,0
YPL031C,YLR262C,1,0
YNL154C,YNL149C,1,0
YDR477W,YBL061C,1,0
YPL031C,YJL200C,1,0
YHR082C,YNL186W,1,0
YBL088C,YDL220C,1,0
YGL158W,YGR063C,1,0
YBR160W,YCL014W,1,0
YPL031C,YGR130C,1,0
YGR040W,YER098W,1,0
YKL166C,YDL165W,1,0
YJL187C,YHR142W,1,0
YPL031C,YPL133C,1,0
YKL171W,YPR063C,1,0
YNL154C,YOR092W,1,0
YHR135C,YDR034CC,1,0
YJR059W,YKL061W,1,0
YPL141C,YJR095W,1,0
YPL204W,YER177W,1,0
YBR160W,YLR314C,1,0
YHR135C,YIL091C,1,0
YLR113W,YER118C,1,0
YGL059W,YNL186W,1,0
YFR014C,YGL208W,1,0
YHR135C,YJR019C,1,0
YPL031C,YKL127W,1,0
YNL307C,YML080W,1,0
YFL033C,YHR132WA,1,0
YJR059W,YPL100W,1,0
YJL164C,YDL025C,1,0
YKL048C,YOR233W,1,0
YGL180W,YKR041W,1,0
YJL187C,YKL160W,1,0
YOR061W,YOR119C,1,0
YGR040W,YLR310C,1,0
YBR160W,YLL021W,1,0
YMR001C,YGR092W,1,0
YJL164C,YDR153C,1,0
YKL101W,YMR239C,1,0
YOR061W,YDR168W,1,0
YNL307C,YNL201C,1,0
YPL031C,YLR003C,1,0
YPL203W,YPL203W,1,0
YGL158W,YML035C,1,0
YDL214C,YDL131W,1,0
YNL307C,YLR132C,1,0
YDL214C,YML037C,1,0
YJL095W,YGR094W,1,0
YNL298W,YAL043C,1,0
YHL007C,YGR159C,1,0
YHL007C,YBR108W,1,0
YCR008W,YFL023W,1,0
YHR135C,YPL181W,1,0
YNL154C,YER082C,1,0
YPL031C,YIL020C,1,0
YLR248W,YNL272C,1,0
YDR523C,YIL103W,1,0
YJL164C,YEL015W,1,0
YFR014C,YKL151C,1,0
YKL101W,YDL223C,1,0
YHR082C,YMR229C,1,0
YJR059W,YKL080W,1,0
YPL042C,YLR228C,1,0
YCR091W,YKL126W,1,0
YNL154C,YNL272C,1,0
YPL209C,YIL156W,1,0
YNL307C,YNL187W,1,0
YPL031C,YNL289W,1,0
YMR216C,YNL186W,1,0
YGL179C,YGR126W,1,0
YKL166C,YHR182W,1,0
YJR059W,YNL284CA,1,0
YJL187C,YMR001C,1,0
YGR092W,YHR182W,1,0
YPL153C,YGR109C,1,0
YGL179C,YLR150W,1,0
YJL187C,YBR264C,1,0
YPL209C,YNL007C,1,0
YHR135C,YPR013C,1,0
YNL298W,YKL099C,1,0
YMR001C,YOR195W,1,0
YHR205W,DOT6TOD6,1,0
YPL141C,YMR291W,1,0
YHR135C,YNL272C,1,0
YPL031C,YIL057C,1,0
YGL179C,YPR035W,1,0
YOR351C,YOR344C,1,0
YFR014C,YKR092C,1,0
YJR059W,YJL167W,1,0
YLR248W,YNL284CA,1,0
YPL204W,YLR003C,1,0
YCR073C,YGL134W,1,0
YHR135C,YGR100W,1,0
YMR001C,YNL068C,1,0
YBR160W,YLL002W,1,0
YJL164C,YOR070C,1,0
YPL031C,YPR091C,1,0
YDR477W,YKL079W,1,0
YPL031C,YHR068W,1,0
YJL095W,YOR177C,1,0
YPL209C,YFL001W,1,0
YHR079C,YPR158CC,1,0
YHR079C,YOR162C,1,0
YNL307C,YMR165C,1,0
YHR135C,YDL223C,1,0
YJL164C,YDR169C,1,0
YOL113W,YGR282C,1,0
YJL106W,YMR165C,1,0
YKL166C,YMR223W,1,0
YNL154C,YDR330W,1,0
YAL017W,YDL153C,1,0
YJL187C,YPL240C,1,0
YJL165C,YAR007C,1,0
YNL020C,YBL007C,1,0
YFR014C,YBR109C,1,0
YGL158W,YJR094WA,1,0
YGL180W,YNL149C,1,0
YHR079C,YPR198W,1,0
YGL180W,YPR115W,1,0
YKL116C,YGL245W,1,0
YHR135C,YLR410W,1,0
YGR040W,YBR272C,1,0
YHR082C,YOR210W,1,0
YJL164C,YLL028W,1,0
YGL059W,YLL038C,1,0
YKL166C,YOL052C,1,0
YGL059W,YMR120C,1,0
YJL095W,YNL293W,1,0
YGL059W,YKR100C,1,0
YPL031C,YFR049W,1,0
YGL180W,YGR027WA,1,0
YNL154C,YDL043C,1,0
YJR059W,YMR153W,1,0
YFR014C,YKL042W,1,0
YPL141C,YGR276C,1,0
YJL165C,YDR022C,1,0
YPL153C,YPL153C,1,0
YPL031C,YDL051W,1,0
YMR139W,YNL272C,1,0
YHR205W,YDR169C,1,0
YLR248W,YBL007C,1,0
YBR059C,YLL018C,1,0
YPL031C,YER101C,1,0
YBR160W,YLR183C,1,0
YHR135C,YOR141C,1,0
YNL154C,YLR401C,1,0
YGL180W,YLR323C,1,0
YOL045W,YKL035W,1,0
YJL187C,YKL121W,1,0
YLR248W,YFR022W,1,0
YGR092W,YKR022C,1,0
YJL164C,YGL180W,1,0
YJR059W,YPR160W,1,0
YJL165C,YMR153W,1,0
YPL031C,YPR089W,1,0
YKL171W,YOL104C,1,0
YGL059W,YKL079W,1,0
YPL150W,YGL013C,1,0
YHR079C,YKL168C,1,0
YFR014C,YER143W,1,0
YBR160W,YMR273C,1,0
YJL164C,YNL136W,1,0
YPL153C,YPR013C,1,0
YJR059W,YDR169C,1,0
YHR079C,YOR181W,1,0
YKL116C,YMR052W,1,0
YGL180W,YKL160W,1,0
YJL095W,YNR006W,1,0
YHR135C,YJL108C,1,0
YNL154C,YNL218W,1,0
YHR135C,YHL009C,1,0
YNL154C,YNL173C,1,0
YHR079C,YMR165C,1,0
YNL154C,YBL086C,1,0
YHR135C,YKL146W,1,0
YHR082C,YFL023W,1,0
YJR059W,YJL020C,1,0
YBR160W,YHR118C,1,0
YPL153C,YER169W,1,0
YJR059W,YPR040W,1,0
YJL164C,YGL043W,1,0
YPL141C,YLL008W,1,0
YDR477W,YKL008C,1,0
YJL164C,YOR347C,1,0
YPL031C,YBL078C,1,0
YCR091W,YIL135C,1,0
YPL031C,YHR205W,1,0
YHR135C,YGL008C,1,0
YHR135C,YNL167C,1,0
YPL031C,YKL056C,1,0
YHR135C,YOR123C,1,0
YIL095W,YNL271C,0,0
YJL187C,YHR182W,1,0
YPL031C,YNL054WA,1,0
YFR014C,YBL047C,1,0
YPL031C,YJL020C,1,0
YHR135C,YNL007C,1,0
YJR059W,YLR319C,1,0
YNL154C,YNL284CA,1,0
YGL180W,YIR003W,1,0
YGL158W,YLL008W,1,0
YBL016W,YMR262W,1,0
YPL031C,YIL010W,1,0
YGR052W,YCR017C,1,0
YBR160W,YKL168C,1,0
YJL187C,YDL070W,1,0
YJL164C,YGR276C,1,0
YBR160W,YKL048C,1,0
YJL106W,YER020W,1,0
YHR082C,YHR030C,1,0
YHR082C,YDR034CC,1,0
YJR059W,YDL078C,1,0
YHR079C,YOR113W,1,0
YHR135C,YLR265C,1,0
YNL154C,YPR091C,1,0
YNL289W,YJR072C,1,0
YGL179C,YAR014C,1,0
YNL289W,YOR032C,1,0
YPL031C,YCL030C,1,0
YPL031C,YGL079W,1,0
YJR059W,YJR130C,1,0
YPL031C,YOL001W,1,0
YBR160W,YDR217C,1,0
YPL031C,YBL011W,1,0
YNL154C,YNL066W,1,0
YOR233W,YDR179C,1,0
YDR490C,YDR283C,1,0
YNL307C,YBL023C,1,0
YHR135C,YML096W,1,0
YIL035C,YMR173W,1,0
YHL007C,YER063W,1,0
YGL179C,YER072W,1,0
YPL141C,YOR281C,1,0
YPL042C,YOL092W,1,0
YNL307C,YOL091W,1,0
YBL016W,YPR158WA,1,0
YHR135C,YDL153C,1,0
YDL101C,YJR056C,1,0
YFR014C,YOR340C,1,0
YOL113W,YEL032W,1,0
YJR059W,YNL245C,1,0
YPL031C,YLL022C,1,0
YJL164C,YLR259C,1,0
YPL031C,YDR132C,1,0
YKL166C,YGR285C,1,0
YGR040W,YJR108W,1,0
YJR059W,YLR397C,1,0
YGL158W,YOR044W,1,0
YBR059C,YKR094C,1,0
YNL154C,YIL156W,1,0
YKL166C,YPL056C,1,0
YGL059W,YIL070C,1,0
YJL187C,YER122C,1,0
YDR477W,YNL186W,1,0
YJL106W,YNL245C,1,0
YHR135C,YIL010W,1,0
YOR231W,YER064C,1,0
YJL106W,YPR013C,1,0
YGL059W,YOR113W,1,0
YJR059W,YGR267C,1,0
YHR079C,YKR105C,1,0
YBR160W,YOR177C,1,0
YKL101W,YMR229C,1,0
YGL180W,YLR257W,1,0
YJL164C,YFL050C,1,0
YJL095W,YJL196C,1,0
YOR351C,YPL077C,1,0
YHL007C,YNL173C,1,0
YHR082C,YGR094W,1,0
YGR092W,YCR105W,1,0
YJL164C,YKL127W,1,0
YPL141C,YNL272C,1,0
YCL024W,YAL034WA,1,0
YMR139W,YGR249W,1,0
YGL179C,YOL082W,1,0
YFR014C,YJL160C,1,0
YPL031C,YBL061C,1,0
YJL095W,YNL133C,1,0
YBR160W,YCL051W,1,0
YDL028C,YAL047C,1,0
YMR216C,YPR019W,1,0
YOR351C,YBL007C,1,0
YNL020C,YDR099W,1,0
YGL179C,YGR276C,1,0
YGL180W,YOL091W,1,0
YOR267C,YNR019W,1,0
YBL016W,YGR237C,1,0
YGL179C,YIL156W,1,0
YHR079C,YMR295C,1,0
YPL203W,YDR172W,1,0
YBR059C,YFR024CA,1,0
YDL017W,YEL032W,1,0
YJL106W,YKL168C,1,0
YGL180W,YNL272C,1,0
YHR135C,YHR009C,1,0
YHR082C,YMR239C,1,0
YFR014C,YIL074C,1,0
YLR248W,YLR257W,1,0
YJL187C,YBL061C,1,0
YBR160W,YPR174C,1,0
YPL031C,YLL018CA,1,0
YBR160W,YML027W,1,0
YGL180W,YOR344C,1,0
YJR059W,YLR003C,1,0
YGL158W,YNL186W,1,0
YJL164C,YMR203W,1,0
YGL180W,YFL023W,1,0
YFL033C,YGL185C,1,0
YBR059C,YMR250W,1,0
YOR061W,YDR043C,1,0
YPL031C,YLR231C,1,0
YPL153C,YDR266C,1,0
YJL164C,YPL232W,1,0
YPL031C,YHR115C,1,0
YHR135C,YFL023W,1,0
YHR135C,YAL037W,1,0
YDL101C,YLR265C,1,0
YFR014C,YMR049C,1,0
YGL059W,YMR140W,1,0
YNL154C,YMR290C,1,0
YJL164C,YPL100W,1,0
YHR135C,YPL078C,1,0
YJL164C,YER082C,1,0
YIL095W,YDL013W,1,0
YHR135C,YDR312W,1,0
YHR079C,YMR184W,1,0
YOL100W,YDR383C,1,0
YJR059W,YPL019C,1,0
YHR082C,YPL217C,1,0
YDR477W,YBL055C,1,0
YKL139W,YOL012C,1,0
YGL180W,YLR098C,1,0
YFR014C,YNL021W,1,0
YJL106W,YDR034CC,1,0
YGL180W,YHR156C,1,0
YJL106W,YDR292C,1,0
YGL180W,YBL011W,1,0
YNL154C,YFR022W,1,0
YHR082C,YPL094C,1,0
YAL017W,YDR259C,1,0
YPL031C,YDL181W,1,0
YNL154C,YDR037W,1,0
YJL095W,YML037C,1,0
YLR113W,YBR182C,1,0
YJR059W,YHR158C,1,0
YHL007C,YCR100C,1,0
YDL214C,YAR019C,1,0
YHR135C,YFL031W,1,0
YDR507C,YDL225W,1,0
YPL042C,YPL248C,1,0
YNL154C,YOR123C,1,0
YJL164C,YGL116W,1,0
YPL141C,YNL284CA,1,0
YFR014C,YBR001C,1,0
YDL214C,YOL065C,1,0
YHR135C,YFR014C,1,0
YHR079C,YHR114W,1,0
YPL236C,YBR010W,1,0
YMR001C,YAR019C,1,0
YNL020C,YLR206W,1,0
YJL187C,YPL236C,1,0
YGL059W,YGR008C,1,0
YNL307C,YPL257WA,1,0
YJR059W,YGR161C,1,0
YPL031C,YPL023C,1,0
YJR059W,YNR019W,1,0
YPL031C,YCL014W,1,0
YFR014C,YHR182W,1,0
YGR262C,YHR205W,0,0
YLR079W,YPL256C,0,0
YJR059W,YHL021C,1,0
YOL016C,YGR159C,1,0
YHR079C,YJL108C,1,0
YJL106W,YIL069C,1,0
YBL016W,YER082C,1,0
YHR079C,YER036C,1,0
YDR477W,YDL225W,1,0
YBR160W,YDL025C,1,0
YFR014C,YLR319C,1,0
YKL126W,YNR047W,0,0
YJL187C,YNL066W,1,0
YPL031C,YIL053W,1,0
YLR096W,YNL054W,1,0
YNL154C,YOL139C,1,0
YHR135C,YBL011W,1,0
YNL154C,YMR295C,1,0
YPL031C,YNL233W,1,0
YPL031C,YMR316W,1,0
YKL101W,YNL064C,1,0
YHR079C,YBL064C,1,0
YPL209C,YKL089W,1,0
YHR135C,YER125W,1,0
YOR231W,YAR019C,1,0
YJL164C,YNL227C,1,0
YGR092W,YKL140W,1,0
YPL141C,YOR141C,1,0
YPL153C,YER098W,1,0
YBR160W,YPL267W,1,0
YLR113W,YJL093C,1,0
YNL154C,YCL008C,1,0
YBR160W,YLR430W,1,0
YOL045W,YCL037C,1,0
YBR136W,YCL061C,1,0
YFR014C,YLR457C,1,0
YPL026C,YCR073WA,1,0
YJL187C,YLR132C,1,0
YGL059W,YNL263C,1,0
YKL116C,YDL128W,1,0
YHR082C,YDL019C,1,0
YDR477W,YPR143W,1,0
YNL307C,YKL093W,1,0
YGL059W,YFL017WA,1,0
YGL180W,YOL123W,1,0
YPL031C,YLR293C,1,0
YHL007C,YHL024W,1,0
YGL059W,YMR086W,1,0
YDR477W,YBR155W,1,0
YFR014C,YGL023C,1,0
YJL106W,YDL006W,1,0
YPL203W,YNL263C,1,0
YGL179C,YIL084C,1,0
YJL128C,YKR055W,1,0
YJL057C,YML073C,1,0
YNL154C,YPR137CA,1,0
YJL164C,YIL033C,1,0
YPL031C,YMR039C,1,0
YJR059W,YGL008C,1,0
YNL307C,YJR141W,1,0
YNL154C,YDR134C,1,0
YGL179C,YDR169C,1,0
YPL031C,YKL185W,1,0
YNL154C,YPL191C,1,0
YGL180W,YBR130C,1,0
YPL031C,YHR111W,1,0
YBR160W,YOR373W,1,0
YGL158W,YGR024C,1,0
YHR082C,YGR038CA,1,0
YHR079C,YPR067W,1,0
YJL141C,YMR037C,1,0
YKL101W,YNL272C,1,0
YDL017W,YPL153C,1,0
YPL209C,YGR140W,1,0
YFL033C,YER151C,1,0
YJR059W,YIL156W,1,0
YJL164C,YLR133W,1,0
YHR082C,YMR290C,1,0
YKL171W,YER098W,1,0
YBR160W,YNL102W,1,0
YPL203W,YKL038W,1,0
YNL154C,YDL006W,1,0
YOL113W,YNL227C,1,0
YBL016W,YJL157C,1,0
YGL158W,YNL117W,1,0
YOL113W,YPR032W,1,0
YHR082C,YLL011W,1,0
YIL035C,YDR043C,1,0
YPL150W,YDL128W,1,0
YCR091W,YAR019C,1,0
YNL154C,YPL138C,1,0
YNL298W,YAL041W,1,0
YJL164C,YKR094C,1,0
YOL113W,YKL184W,1,0
YJR059W,YLL043W,1,0
YHL007C,YBL085W,1,0
YNL154C,YKR071C,1,0
YFR014C,YIL167W,1,0
YMR001C,YPR067W,1,0
YGL180W,YOL078W,1,0
YGL180W,YCL014W,1,0
YNL307C,YMR280C,1,0
YHR205W,YDR005C,1,0
YJR059W,YLL029W,1,0
YHR135C,YOR254C,1,0
YMR001C,YDR325W,1,0
YCL024W,YGR231C,1,0
YOL113W,YBL091CA,1,0
YJL106W,YNL027W,1,0
YJR059W,YDR134C,1,0
YMR139W,YKL159C,1,0
YJL164C,YGL168W,1,0
YBL016W,YDR439W,1,0
YJL164C,YJR049C,1,0
YPL209C,YBR155W,1,0
YPL150W,YIL070C,1,0
YHR135C,YOR056C,1,0
YLL019C,YDL150W,1,0
YMR001C,YMR036C,1,0
YJL164C,YKL171W,1,0
YHR082C,YIL078W,1,0
YGR040W,YOR003W,1,0
YLR248W,YMR184W,1,0
YDL108W,YDL166C,1,0
YJL106W,YPR032W,1,0
YLR113W,YMR172W,1,0
YLR362W,YCL032W,1,0
YNL161W,YDR293C,1,0
YJR059W,YLR270W,1,0
YBR059C,YNL227C,1,0
YPL031C,YOR117W,1,0
YJL164C,YJL167W,1,0
YHR082C,YPR032W,1,0
YBR160W,YKR091W,1,0
YNL307C,YFR014C,1,0
YHR079C,YNL272C,1,0
YGL158W,YHL003C,1,0
YJL187C,YDL115C,1,0
YNL307C,YGL256W,1,0
YBR160W,YGL235W,1,0
YMR291W,YJR059W,1,0
YDR477W,YGL253W,1,0
YHR079C,YOR107W,1,0
YGL059W,YLR258W,1,0
YPL031C,YJR072C,1,0
YHR135C,YOL091W,1,0
YJL164C,YER127W,1,0
YPL150W,YJR105W,1,0
YGL180W,YER127W,1,0
YOR233W,YDR002W,1,0
YGL180W,YHL013C,1,0
YGR092W,YJL076W,1,0
YGL059W,YKL008C,1,0
YDL214C,YJR103W,1,0
YKL116C,YBL024W,1,0
YGL180W,YPR158CC,1,0
YJR059W,YCR079W,1,0
YGR092W,YNL272C,1,0
YJL187C,YBL011W,1,0
YNL307C,YGL134W,1,0
YHR135C,YDR091C,1,0
YGL180W,YOR239W,1,0
YJL187C,YNL212W,1,0
YJL141C,YDR223W,1,0
YKL116C,YMR203W,1,0
YHR082C,YDL027C,1,0
YGL180W,YMR297W,1,0
YKL101W,YGL207W,1,0
YPL031C,YGL018C,1,0
YNL154C,YOR276W,1,0
YJL165C,YOR292C,1,0
YPL026C,YPR013C,1,0
YHR079C,YLR257W,1,0
YJR059W,YNL077W,1,0
YGR040W,YHR216W,1,0
YPL031C,YGL056C,1,0
YKL171W,YGL105W,1,0
YOR061W,YOR057W,1,0
YPL031C,YGR038CA,1,0
YJL164C,YKL193C,1,0
YHR135C,YMR173W,1,0
YHR082C,YDL013W,1,0
YIL035C,YOL026C,1,0
YJL164C,YFL033C,1,0
YHR135C,YBR090C,1,0
YFR014C,YER142C,1,0
YBR059C,YMR304W,1,0
YPL209C,YCR072C,1,0
YGL158W,YGR220C,1,0
YHR030C,YER111C,1,0
YBR160W,YBR060C,1,0
YGL180W,YML037C,1,0
YGL180W,YPR091C,1,0
YGR052W,YDL006W,1,0
YHR079C,YNR047W,1,0
YJL187C,YGR167W,1,0
YBR160W,YBR102C,1,0
YHR135C,YLR183C,1,0
YBR059C,YGL234W,1,0
YKL101W,YIL038C,1,0
YJR059W,YGR252W,1,0
YPL031C,YBR042C,1,0
YBR160W,YOR081C,1,0
YIL095W,YOR329C,1,0
YBR059C,YJL084C,1,0
YJL164C,YAL038W,1,0
YNL154C,YPR013C,1,0
YPL209C,YLL018C,1,0
YDR283C,YDR283C,1,0
YBL016W,YBR259W,1,0
YGR040W,YLL008W,1,0
YBR160W,YKR089C,1,0
YJR059W,YDL126C,1,0
YGL180W,YNL284CA,1,0
YHL007C,YAL042W,1,0
YNL307C,YDL149W,1,0
YHR082C,YDL004W,1,0
YHR135C,YER064C,1,0
YGL158W,YHL020C,1,0
YJL187C,YIL107C,1,0
YOR351C,YLR047C,1,0
YFR014C,YBL055C,1,0
YJR059W,YGR008C,1,0
YPR161C,YGL058W,1,0
YJR059W,YAL039C,1,0
YDR477W,YMR015C,1,0
YJR059W,YNR047W,1,0
YKL166C,YNL263C,1,0
YGL180W,YMR049C,1,0
YJL165C,YDR020C,1,0
YHR082C,YDR234W,1,0
YFR014C,YDR335W,1,0
YNL154C,YOR177C,1,0
YHR135C,YGL048C,1,0
YGL180W,YFR021W,1,0
YJR059W,YBR270C,1,0
YOR039W,YKL089W,1,0
YJL164C,YPL240C,1,0
YNL183C,YNL180C,1,0
YJL164C,YPR040W,1,0
YPL153C,YDR226W,1,0
YJR059W,YAR018C,1,0
YHR082C,YNL001W,1,0
YCR008W,YDR044W,1,0
YPL031C,YJR148W,1,0
YPL031C,YPL201C,1,0
YKL101W,YFL023W,1,0
YPL031C,YIL074C,1,0
YGL180W,YER112W,1,0
YJL106W,YGL207W,1,0
YJR059W,YLR195C,1,0
YJL164C,YPL181W,1,0
YBL016W,YOR276W,1,0
YJL106W,YBR118W,1,0
YPL031C,YER033C,1,0
YHR135C,YBR086C,1,0
YDR477W,YER027C,1,0
YGR092W,YML035C,1,0
YCR008W,YPR013C,1,0
YDL235C,YLR006C,1,0
YPL031C,YOR162C,1,0
YJL106W,YNL074C,1,0
YJL095W,YMR111C,1,0
YJR059W,YKL013C,1,0
YOR351C,YJR125C,1,0
YNL307C,YAR019C,1,0
YJL164C,YDR207C,1,0
YIL035C,YDR005C,1,0
YMR216C,YBR155W,1,0
YHR082C,YBR159W,1,0
YGL179C,YER131W,1,0
YPL141C,YKR072C,1,0
YDL101C,YDR531W,1,0
YGL180W,YGL248W,1,0
YNL154C,YDR152W,1,0
YBR160W,YKL043W,1,0
YHR082C,YNL217W,1,0
YBR160W,YOR195W,1,0
YMR216C,YPR042C,1,0
YFR014C,YHR116W,1,0
YJL164C,YDR425W,1,0
YDR477W,YML062C,1,0
YKL171W,YIL096C,1,0
YBR160W,YBR156C,1,0
YPL141C,YKL160W,1,0
YKL101W,YDR398W,1,0
YJL095W,YGL105W,1,0
YGL180W,YOL070C,1,0
YPL031C,YBL086C,1,0
YNL298W,YJL187C,1,0
YPL153C,YML035C,1,0
YJL164C,YKL206C,1,0
YHR082C,YOR207C,1,0
YJL187C,YNL186W,1,0
YBR059C,YFR021W,1,0
YKL101W,YBR155W,1,0
YOR351C,YIL072W,1,0
YPL153C,YOR181W,1,0
YJR059W,YGL141W,1,0
YBR059C,YGR135W,1,0
YKL166C,YPL138C,1,0
YPL150W,YNL211C,1,0
YHR079C,YOL082W,1,0
YKL101W,YIL057C,1,0
YIL095W,YDL220C,1,0
YJL164C,YKL042W,1,0
YKL166C,YKL093W,1,0
YNL154C,YNL136W,1,0
YNL298W,YGR275W,1,0
YLR096W,YKR100C,1,0
YFR014C,YPR152C,1,0
YNL154C,YHR114W,1,0
YGL179C,YPL236C,1,0
YJL164C,YOR216C,1,0
YFR014C,YDL006W,1,0
YJL164C,YDR120C,1,0
YNL307C,YDL156W,1,0
YMR216C,YLR410WA,1,0
YGL059W,YDR042C,1,0
YPL209C,YLR003C,1,0
YGL059W,YDR293C,1,0
YBR160W,YOR075W,1,0
YDR247W,YHR063C,1,0
YDR477W,YKL121W,1,0
YKL101W,YMR115W,1,0
YKL166C,YMR120C,1,0
YBR160W,YDR451C,1,0
YHR082C,YLR293C,1,0
YIL095W,YKL062W,1,0
YPL031C,YPR103W,1,0
YJL095W,YGL256W,1,0
YPL031C,YGL119W,1,0
YHR135C,YMR275C,1,0
YBL016W,YNL293W,1,0
YPL031C,YFR024CA,1,0
YPL153C,YDR034CC,1,0
YGL113W,YPL153C,0,0
YLR113W,YLR138W,1,0
YPL031C,YDR513W,1,0
YHR135C,YML080W,1,0
YDR477W,YLR265C,1,0
YKL166C,YPR185W,1,0
YBR160W,YMR036C,1,0
YHR135C,YKL079W,1,0
YHR082C,YMR053C,1,0
YPL042C,YLR399C,1,0
YAR019C,YIL106W,1,0
YPL209C,YHL013C,1,0
YBR160W,YLR045C,1,0
YMR216C,YDL013W,1,0
YPL141C,YGR167W,1,0
YMR216C,YLL018C,1,0
YNL154C,YHR207C,1,0
YPL042C,YCR042C,1,0
YJL095W,YIL070C,1,0
YPL153C,YBL007C,1,0
YHR135C,YBL014C,1,0
YDR477W,YNL272C,1,0
YKL171W,YNL022C,1,0
YNL025C,YPL248C,1,0
YDR477W,YMR037C,1,0
YHL007C,YLR293C,1,0
YPL031C,YIR037W,1,0
YPL031C,YIR001C,1,0
YJL164C,YDR292C,1,0
YHR082C,YPR137CA,1,0
YPL031C,YLR438W,1,0
YNL154C,YBR247C,1,0
YPR120C,YFR027W,1,0
YKL171W,YGR276C,1,0
YGR040W,YIL038C,1,0
YGL158W,YMR115W,1,0
YOL113W,YLR182W,1,0
YGL180W,YFL050C,1,0
YGL180W,YML045WA,1,0
YFR014C,YLR437C,1,0
YJL164C,YNL167C,1,0
YCR073C,YPL217C,1,0
YBL016W,YBL057C,1,0
YGL180W,YLR451W,1,0
YOL113W,YGR276C,1,0
YLR248W,YHR131C,1,0
YPL150W,YLL008W,1,0
YGR040W,YDR312W,1,0
YBR160W,YJL111W,1,0
YKL101W,YDR134C,1,0
YNL154C,YMR233W,1,0
YGL180W,YOL130W,1,0
YNL307C,YDL150W,1,0
YGL179C,YNL277W,1,0
YOL113W,YNL186W,1,0
YOL113W,YNL022C,1,0
YHR082C,YFR009W,1,0
YJR059W,YLR257W,1,0
YPL031C,YHR028C,1,0
YGL179C,YMR205C,1,0
YGL059W,YGL180W,1,0
YGL179C,YOL130W,1,0
YGR092W,YDR134C,1,0
YBL016W,YKL081W,1,0
YJL164C,YOR056C,1,0
YIL095W,YJR137C,1,0
YGL180W,YDR034CC,1,0
YPL031C,YDR257C,1,0
YIL095W,YCR030C,1,0
YPL031C,YPL117C,1,0
YKL101W,YPR072W,1,0
YPL031C,YNL207W,1,0
YKL101W,YOL139C,1,0
YNL154C,YIL091C,1,0
YGR040W,YPR072W,1,0
YGL158W,YOR335C,1,0
YPL031C,YNR064C,1,0
YIL095W,YHR098C,1,0
YHR135C,YPL133C,1,0
YCL024W,YDR023W,1,0
YGR092W,YDL070W,1,0
YNL307C,YGL245W,1,0
YAR019C,YBR151W,1,0
YGL059W,YLR003C,1,0
YGL059W,YDR425W,1,0
YGL059W,YPL203W,1,0
YFL029C,YJL106W,1,0
YGL158W,YJR141W,1,0
YGL158W,YJR089W,1,0
YNL307C,YML037C,1,0
YHR135C,YNL207W,1,0
YFR014C,YOR113W,1,0
YGL180W,YHR073W,1,0
YJR059W,YHR153C,1,0
YKL048C,YJR130C,1,0
YPL031C,YHR071W,1,0
YOL113W,YMR215W,1,0
YJL106W,YLR221C,1,0
YOR231W,YOR207C,1,0
YIL035C,YLR345W,1,0
YGL019W,YOL026C,1,0
YGL179C,YNL094W,1,0
YJL187C,YER027C,1,0
YHR082C,YGL105W,1,0
YIL095W,YBR129C,1,0
YPL153C,YNL031C,1,0
YPL031C,YOR054C,1,0
YBR160W,YAR003W,1,0
YOR267C,YAR019C,1,0
YHR135C,YFR010W,1,0
YJL164C,YNL182C,1,0
YPL031C,YDR346C,1,0
YDL101C,YML083C,1,0
YJR059W,YJL146W,1,0
YJL164C,YIL156W,1,0
YGL059W,YML063W,1,0
YHR135C,YJR092W,1,0
YKL166C,YHR028C,1,0
YGL180W,YMR229C,1,0
YHR082C,YBR108W,1,0
YPL031C,YMR262W,1,0
YBL016W,YHR117W,1,0
YOR061W,YKL112W,1,0
YNL154C,YNL133C,1,0
YMR001C,YLR045C,1,0
YMR216C,YKL023W,1,0
YJL164C,YDL051W,1,0
YBR160W,YJL187C,0,0
YJR059W,YKL181W,1,0
YHR135C,YDR540C,1,0
YFR014C,YNL272C,1,0
YPL031C,YJR070C,1,0
YHR079C,YER122C,1,0
YHR082C,YER122C,1,0
YAL017W,YJL110C,1,0
YHL007C,YLR362W,1,0
YJL164C,YER078C,1,0
YBL016W,YOL127W,1,0
YGL059W,YLR319C,1,0
YJR059W,YDL236W,1,0
YMR001C,YPR058W,1,0
YJL095W,YBR233W,1,0
YHR082C,YBR170C,1,0
YPL209C,YJL080C,1,0
YHR135C,YJL166W,1,0
YPL031C,YDL201W,1,0
YBL105C,YHL020C,1,0
YPL031C,YGR233C,1,0
YHR135C,YKL160W,1,0
YHR082C,YOR162C,1,0
YPL031C,YFR034C,1,0
YIL095W,YDL161W,1,0
YPL141C,YER122C,1,0
YGL179C,YOR251C,1,0
YHL007C,YHR131C,1,0
YGL059W,YHR185C,1,0
YJL164C,YOR134W,1,0
YKL101W,YLL024C,1,0
YGL180W,YJL148W,1,0
YKL101W,YJR096W,1,0
YJL165C,YDR007W,1,0
YJL165C,YHR056C,1,0
YJL106W,YPR058W,1,0
YOL016C,YPR013C,1,0
YHR135C,YCR073WA,1,0
YGL179C,YIL107C,1,0
YOR061W,YML074C,1,0
YGR262C,YER174C,1,0
YGL059W,YJL084C,1,0
YOR351C,YLR258W,1,0
YHR079C,YDR023W,1,0
YJL165C,YPR058W,1,0
YKL116C,YDR023W,1,0
YJL164C,YGR038W,1,0
YPL026C,YKL178C,1,0
YDL101C,YDR264C,1,0
YGL180W,YGR249W,1,0
YJL187C,YCL029C,1,0
YPL042C,YLR467W,1,0
YNL307C,YNL065W,1,0
YBR160W,YDR227W,1,0
YJL187C,YBR231C,1,0
YBL016W,YMR153W,1,0
YHR079C,YNL155W,1,0
YGL158W,YGR078C,1,0
YJL164C,YPL123C,1,0
YJL141C,YJL164C,1,0
YPL031C,YJR001W,1,0
YNL307C,YDL128W,1,0
YJR059W,YKR090W,1,0
YHR082C,YBR118W,1,0
YNL154C,YJL051W,1,0
YHR135C,YER092W,1,0
YGR092W,YDL002C,1,0
YGL158W,YBL024W,1,0
YKL166C,YHR185C,1,0
YHL007C,YBR071W,1,0
YPL031C,YGR111W,1,0
YDR477W,YNR016C,1,0
YPL153C,YBR010W,1,0
YJR059W,YPL077C,1,0
YKL101W,YER122C,1,0
YPL031C,YOR275C,1,0
YPR119W,YMR032W,1,0
YMR216C,YJL084C,1,0
YNL154C,YNL125C,1,0
YNL154C,YNL097C,1,0
YLR005W,YDL140C,1,0
YJR059W,YJR112W,1,0
YNL154C,YPL181W,1,0
YOR351C,YML058W,1,0
YJL095W,YBL011W,1,0
YCR091W,YPR119W,1,0
YBL016W,YBL011W,1,0
YGL158W,YMR241W,1,0
YMR001C,YDR386W,1,0
YGL180W,YKL121W,1,0
YJR059W,YGR210C,1,0
YDR283C,YJR007W,1,0
YIL095W,YML088W,1,0
YJR059W,YLR133W,1,0
YPL141C,YNL125C,1,0
YBR160W,YOL058W,1,0
YDR477W,YJL110C,1,0
YOR351C,YJR072C,1,0
YPL141C,YDR023W,1,0
YHR135C,YLR125W,1,0
YPL141C,YCL043C,1,0
YDR466W,YLR228C,1,0
YPL204W,YMR036C,1,0
YGL180W,YGR021W,1,0
YGL158W,YOR210W,1,0
YGL158W,YLR303W,1,0
YKL101W,YNL136W,1,0
YLR137W,YPL220W,1,0
YNL154C,YEL039C,1,0
YER129W,YDR477W,1,0
YGL180W,YPL181W,1,0
YHL007C,YER122C,1,0
YJL164C,YAL039C,1,0
YDL214C,YML083C,1,0
YAL017W,YML037C,1,0
YJL164C,YMR184W,1,0
YJL164C,YGR223C,1,0
YGL179C,YLR257W,1,0
YGL179C,YJL146W,1,0
YNL307C,YBR108W,1,0
YBR160W,YMR155W,1,0
YHL007C,YML083C,1,0
YLR113W,YNL167C,1,0
YNL154C,YPR158WA,1,0
YBR160W,YDL113C,1,0
YGL179C,YFR021W,1,0
YNL154C,YGL245W,1,0
YHR135C,YLR257W,1,0
YNL307C,YPL077C,1,0
YIL095W,YDL001W,1,0
YFR014C,YLR030W,1,0
YBR136W,YDR225W,1,0
YHR079C,YPR032W,1,0
YFR014C,YCL029C,1,0
YJL164C,YOR028C,1,0
YBR160W,YLR319C,1,0
YDL214C,YJL110C,1,0
YBL016W,YDR225W,1,0
YHR030C,YNL053W,1,0
YJL106W,YDR411C,1,0
YJL106W,YDR134C,1,0
YPL031C,YDR120C,1,0
YGL019W,YLR079W,1,0
YJL106W,YGL245W,1,0
YJL164C,YLR345W,1,0
YHR135C,YER139C,1,0
YJL164C,YGR235C,1,0
YGL180W,YHR081W,1,0
YHR082C,YMR260C,1,0
YHR082C,YDR337W,1,0
YNL307C,YLL034C,1,0
YLL019C,YGL180W,1,0
YPL031C,YMR294W,1,0
YHL007C,YBR102C,1,0
YJL164C,YJL218W,1,0
YJL095W,YDR087C,1,0
YPL031C,YOR184W,1,0
YBL016W,YBL023C,1,0
YNL307C,YGR126W,1,0
YPL031C,YOR301W,1,0
YDR477W,YPL133C,0,0
YHR082C,YBR200W,1,0
YCR091W,YNL155W,1,0
YHR135C,YIL077C,1,0
YPL031C,YGL161C,1,0
YKL166C,YOR002W,1,0
YBR160W,YJL076W,1,0
YBR160W,YGL003C,1,0
YLR248W,YPR091C,1,0
YCR073C,YHL020C,1,0
YGL180W,YJL084C,1,0
YAR019C,YGL245W,1,0
YLR096W,YIL171W,1,0
YJL095W,YAR019C,1,0
YOR351C,YKL185W,1,0
YCR091W,YDL192W,1,0
YJL187C,YOR123C,1,0
YPL031C,YDR323C,1,0
YHR082C,YBL030C,1,0
YGR040W,YIL070C,1,0
YHR135C,YGR281W,1,0
YCR073C,YDR023W,1,0
YHR135C,YGR021W,1,0
YGL059W,YGR249W,1,0
YOR039W,YGR113W,1,0
YBR059C,YBL047C,1,0
YJL164C,YMR165C,1,0
YPL031C,YGR144W,1,0
YDR507C,YLR345W,1,0
YMR139W,YOL053W,1,0
YHR135C,YKL048C,1,0
YNL154C,YNL022C,1,0
YJR059W,YBR028C,1,0
YHR135C,YAL043C,1,0
YNL183C,YNL183C,1,0
YHR135C,YFR024CA,1,0
YKL116C,YDR480W,1,0
YGL180W,YDR099W,1,0
YHR135C,YDL220C,1,0
YDL214C,YKL012W,1,0
YPL031C,YNR013C,1,0
YJR059W,YER125W,1,0
YPL031C,YPL100W,1,0
YPL026C,YKL146W,1,0
YHR135C,YLL022C,1,0
YNL307C,YML035C,1,0
YCR091W,YGL245W,1,0
YJL164C,YFR010W,1,0
YNL307C,YLR131C,1,0
YIL095W,YNL287W,1,0
YJR059W,YGL067W,1,0
YCR091W,YHR056C,1,0
YJR059W,YIL070C,1,0
YNL307C,YBL024W,1,0
YPL031C,YIL109C,1,0
YKL166C,YPL166W,1,0
YPL150W,YJR142W,1,0
YPL153C,YNL298W,1,0
YBR059C,YMR222C,1,0
YBL088C,YNL312W,1,0
YNL025C,YDL140C,1,0
YNL154C,YBR285W,1,0
YJL164C,YBR042C,1,0
YJL187C,YPL023C,1,0
YKL171W,YBL010C,1,0
YGL059W,YIL107C,1,0
YPL031C,YDR189W,1,0
YNL154C,YBL010C,1,0
YJL095W,YNL136W,1,0
YOR351C,YAL028W,1,0
YFR014C,YKR074W,1,0
YGL179C,YJR092W,1,0
YJL095W,YER122C,1,0
YNL154C,YDR480W,1,0
YOR351C,YPL203W,1,0
YGL179C,YPL117C,1,0
YPL026C,YPL088W,1,0
YIL035C,YGR270W,1,0
YBL016W,YGR027WA,1,0
YDR477W,YKL023W,1,0
YBR160W,YNL278W,1,0
YHL007C,YDL153C,1,0
YBR160W,YDR097C,1,0
YLR096W,YBL024W,1,0
YFR014C,YER128W,1,0
YOR026W,YGR188C,1,0
YPL031C,YLR134W,1,0
YJL164C,YCR073WA,1,0
YOL113W,YML096W,1,0
YMR216C,YKL064W,1,0
YBR160W,YBR135W,1,0
YBR160W,YPR171W,1,0
YJL187C,YMR049C,1,0
YNL307C,YLR249W,1,0
YGL158W,YIL051C,1,0
YKL166C,YPL146C,1,0
YHR082C,YNL065W,1,0
YGL158W,YDL230W,1,0
YGR092W,YOL104C,1,0
YBR160W,YHR164C,1,0
YBR160W,YAL028W,1,0
YBR059C,YGL207W,1,0
YHR135C,YGR231C,1,0
YBR059C,YOR054C,1,0
YHR082C,YBL024W,1,0
YCR008W,YGL134W,1,0
YHR135C,YDR099W,1,0
YIL035C,YGR082W,1,0
YGL180W,YBR155W,1,0
YJL164C,YCR016W,1,0
YHR079C,YIL135C,1,0
YHR135C,YNL227C,1,0
YOL016C,YML037C,1,0
YJL164C,YML118W,1,0
YLR248W,YJR063W,1,0
YGL179C,YKL197C,1,0
YKL101W,YDL013W,1,0
YPL031C,YDR379W,1,0
YPL153C,YAL028W,1,0
YBR136W,YDL220C,1,0
YJR059W,YGR038W,1,0
YOR061W,YFR034C,1,0
YHR082C,YLR221C,1,0
YKL116C,YML037C,1,0
YMR216C,YJL033W,1,0
YHR135C,YGR038CA,1,0
YBR160W,YBL007C,1,0
YJL164C,YJR001W,1,0
YOL001W,YNL027W,1,0
YJR059W,YOR070C,1,0
YBR160W,YDR356W,1,0
YDR466W,YPL246C,1,0
YGL179C,YKL121W,1,0
YHR135C,YOR078W,1,0
YHR135C,YCL029C,1,0
YPL203W,YGR249W,1,0
YKL048C,YKL048C,1,0
YJL164C,YMR210W,1,0
YJL164C,YHL033C,1,0
YIL035C,YDR382W,1,0
YPL153C,YDL153C,1,0
YNL154C,YBL061C,1,0
YHR079C,YBR285W,1,0
YDR477W,YDR312W,1,0
YBR160W,YOR001W,1,0
YBR160W,YNL042W,1,0
YHR135C,YOR344C,1,0
YGR040W,YDL070W,1,0
YBR160W,YOL125W,1,0
YOL100W,YGR086C,1,0
YNL154C,YOR295W,1,0
YNL154C,YML045WA,1,0
YPL031C,YDL070W,1,0
YHR082C,YBL010C,1,0
YBR160W,YJR021C,1,0
YHR135C,YGL105W,1,0
YDR490C,YJL164C,0,0
YJL187C,YOR239W,1,0
YJL164C,YER177W,1,0
YPL141C,YBR108W,1,0
YCR008W,YPL257WA,1,0
YNL298W,YAL028W,1,0
YKL166C,YDR379W,1,0
YDL214C,YKL168C,1,0
YJL095W,YDR134C,1,0
YGR040W,YPL049C,1,0
YJL095W,YPR152C,1,0
YHR079C,YJL051W,1,0
YPL031C,YNL182C,1,0
YNL154C,YML110C,1,0
YJL164C,YCL014W,1,0
YJL164C,YFL017WA,1,0
YGR040W,YKR048C,1,0
YNL307C,YBL011W,1,0
YFR014C,YLR059C,1,0
YHR082C,YER064C,1,0
YHR082C,YOL104C,1,0
YGR040W,YIL130W,1,0
YKL101W,YKR048C,1,0
YKL101W,YMR184W,1,0
YBR135W,YLR079W,1,0
YPL031C,YOR141C,1,0
YIL095W,YAL028W,1,0
YHR082C,YNL136W,1,0
YHR135C,YHR090C,1,0
YOR351C,YGL134W,1,0
YNL154C,YDR458C,1,0
YJR059W,YGR253C,1,0
YGL180W,YKR094C,1,0
YCR091W,YDL153C,1,0
YNL154C,YNL080C,1,0
YGL179C,YLR030W,1,0
YPL209C,YIR010W,1,0
YHL007C,YDL149W,1,0
YHL007C,YEL058W,1,0
YBR160W,YPL256C,1,0
YKL166C,YHR157W,1,0
YJL095W,YBR108W,1,0
YGL059W,YKL064W,1,0
YJL164C,YGR135W,1,0
YHR082C,YPR158WA,1,0
YHL007C,YOR177C,1,0
YHL007C,YOR028C,1,0
YJL164C,YMR196W,1,0
YLR096W,YGL035C,1,0
YPL209C,YKR037C,1,0
YBR160W,YDR034CC,1,0
YNL154C,YDR007W,1,0
YGL158W,YIL021W,1,0
YPL026C,YDL019C,1,0
YJL164C,YPR029C,1,0
YJL187C,YLL043W,1,0
YGL180W,YMR288W,1,0
YDL214C,YPL166W,1,0
YJR059W,YBR059C,1,0
YFR014C,YLR265C,1,0
YNL154C,YGL122C,1,0
YOR351C,YNL074C,1,0
YBR160W,YIL122W,1,0
YHL007C,YER090W,1,0
YDR477W,YDR293C,1,0
YPL031C,YJR092W,1,0
YPL031C,YEL015W,1,0
YPL204W,YNL212W,1,0
YHR135C,YML062C,1,0
YNL154C,YKL079W,1,0
YJL164C,YHR207C,1,0
YCR091W,YML096W,1,0
YFR014C,YBL011W,1,0
YPL031C,YAL039C,1,0
YFR014C,YLL024C,1,0
YBL016W,YDR152W,1,0
YJL187C,YKL042W,1,0
YPL031C,YOL082W,1,0
YKL166C,YNL245C,1,0
YBR059C,YDR239C,1,0
YPL209C,YDR120C,1,0
YJR059W,YCR023C,1,0
YHR135C,YMR039C,1,0
YPL031C,YNL104C,1,0
YNL307C,YBL037W,1,0
YPL150W,YBL024W,1,0
YLR096W,YER122C,1,0
YBR160W,YPL150W,1,0
YJL187C,YKR079C,1,0
YHL007C,YPR032W,1,0
YJL164C,YDR259C,1,0
YHR082C,YDL070W,1,0
YNL307C,YDL006W,1,0
YJR059W,YJR056C,1,0
YJR059W,YNL125C,1,0
YPL031C,YDL186W,1,0
YPL209C,YPL133C,1,0
YGL179C,YIL091C,1,0
YNL154C,YDL056W,1,0
YGL180W,YHR117W,1,0
YOR233W,YBR086C,1,0
YMR216C,YER072W,1,0
YGL059W,YIL135C,1,0
YPL031C,YBL039C,1,0
YPL031C,YLR030W,1,0
YNL307C,YAL034WA,1,0
YPL031C,YHR074W,1,0
YBR160W,YOR315W,1,0
YPL031C,YMR304W,1,0
YBL016W,YNL136W,1,0
YJL164C,YJL070C,1,0
YNL154C,YML026C,1,0
YPL203W,YKL121W,1,0
YBR160W,YBL013W,1,0
YPL031C,YNL277W,1,0
YDR477W,YHR133C,1,0
YNL298W,YDL153C,1,0
YOR233W,YDR023W,1,0
YPL042C,YDL140C,1,0
YJR059W,YJL084C,1,0
YPL031C,YER122C,1,0
YMR139W,YIL107C,1,0
YHR135C,YJR093C,1,0
YMR139W,YJR094C,1,0
YLR096W,YJR032W,1,0
YDL214C,YDL039C,1,0
YHR135C,YDR153C,1,0
YHR135C,YGR276C,1,0
YHR082C,YMR214W,1,0
YDL108W,YAL034WA,1,0
YJL164C,YKL121W,1,0
YJR059W,YER010C,1,0
YNL154C,YML037C,1,0
YPL209C,YML074C,1,0
YHR135C,YLR375W,1,0
YBL016W,YOL023W,1,0
YNL307C,YJL108C,1,0
YDL108W,YBR024W,1,0
YLL019C,YGL073W,1,0
YJL106W,YHR124W,1,0
YPL204W,YKR090W,1,0
YBR160W,YER111C,1,0
YHR079C,YNL284CA,1,0
YJR059W,YHR117W,1,0
YDR477W,YBR010W,1,0
YBL016W,YGL082W,1,0
YIL035C,YOL016C,1,0
YPL031C,YGL005C,1,0
YDR507C,YMR086W,1,0
YHR135C,YKR041W,1,0
YLR113W,YER151C,1,0
YHR135C,YOR070C,1,0
YHL007C,YOL112W,1,0
YJL106W,YML037C,1,0
YPL031C,YLR410W,1,0
YMR216C,YHL009C,1,0
YHR079C,YNL074C,1,0
YLR248W,YIL135C,1,0
YHR082C,YNL240C,1,0
YDR477W,YFL054C,1,0
YPL153C,YML058W,1,0
YPL204W,YKL178C,1,0
YJL187C,YDR330W,1,0
YHR082C,YDL051W,1,0
YJL106W,YOR335C,1,0
YNL298W,YAR019C,1,0
YPL031C,YHR168W,1,0
YNL154C,YIL107C,1,0
YOL016C,YDR264C,1,0
YNL154C,YBR237W,1,0
YBR160W,YIL050W,1,0
YGR040W,YGR016W,1,0
YBR160W,YML091C,1,0
YCR077C,YIL033C,1,0
YJR059W,YIL144W,1,0
YPL153C,YDR052C,1,0
YNL307C,YLR030W,1,0
YHR135C,YMR297W,1,0
YHR135C,YMR268C,1,0
YPR161C,YML010W,1,0
YJR059W,YKL127W,1,0
YOR061W,YKL089W,1,0
YDR490C,YKL126W,1,0
YHR135C,YLR256W,1,0
YOL016C,YGL073W,1,0
YOR267C,YER098W,1,0
YDL101C,YBL011W,1,0
YMR139W,YJL084C,1,0
YHR082C,YDL210W,1,0
YPL026C,YKL080W,1,0
YJL164C,YOR123C,1,0
YGR092W,YBR118W,1,0
YGR092W,YOR362C,1,0
YNL307C,YGR038CA,1,0
YHR079C,YHL047C,1,0
YOL113W,YGL245W,1,0
YJL164C,YOR276W,1,0
YGL179C,YHR205W,1,0
YGL179C,YHR214CC,1,0
YPL031C,YJL167W,1,0
YJR059W,YLL008W,1,0
YJL164C,YLR216C,1,0
YIL035C,YBL024W,1,0
YPL153C,YOR098C,1,0
YNL154C,YBL105C,1,0
YPL141C,YFL062W,1,0
YJL095W,YNL272C,1,0
YPL256C,YOR373W,1,0
YJL106W,YNL073W,1,0
YPL031C,YOL053W,1,0
YPL031C,YLL008W,1,0
YHL007C,YNL118C,1,0
YJL106W,YDR259C,1,0
YPR120C,YKL108W,1,0
YJL164C,YNR013C,1,0
YFR014C,YNL245C,1,0
YKL166C,YOR134W,1,0
YJR059W,YER153C,1,0
YPL031C,YER119C,1,0
YBL016W,YHL019C,1,0
YHR082C,YDL173W,1,0
YNL307C,YMR036C,1,0
YNL154C,YML080W,1,0
YBR160W,YHR200W,1,0
YGR092W,YDR299W,1,0
YPL031C,YPR147C,1,0
YPL031C,YML119W,1,0
YPL209C,YIL144W,1,0
YJL164C,YER125W,1,0
YGL180W,YPL146C,1,0
YNL154C,YBL007C,1,0
YPL141C,YJL115W,1,0
YGL158W,YBL031W,1,0
YKL101W,YPR137CA,1,0
YHR135C,YDL099W,1,0
YPL153C,YDL225W,1,0
YOR061W,YGR113W,1,0
YGL158W,YGR210C,1,0
YNL298W,YDL149W,1,0
YHR135C,YER024W,1,0
YBR160W,YNL309W,1,0
YJL164C,YMR304W,1,0
YIL035C,YOR361C,1,0
YJR059W,YKL184W,1,0
YJL164C,YPR160W,1,0
YJL106W,YBL007C,1,0
YGR092W,YDL153C,1,0
YBR160W,YDL153C,1,0
YPL031C,YOL070C,1,0
YKL171W,YDL215C,1,0
YGL180W,YLR350W,1,0
YHR135C,YPR083W,1,0
YPL031C,YDR256C,1,0
YPL031C,YGL185C,1,0
YHR135C,YOL123W,1,0
YCR091W,YPR160W,1,0
YDR247W,YIL033C,1,0
YIL035C,YNL189W,1,0
YGR040W,YER148W,1,0
YGR040W,YHR001W,1,0
YOL100W,YPL004C,1,0
YNL154C,YDR153C,1,0
YHR135C,YBL024W,1,0
YDL101C,YGR038CA,1,0
YHL007C,YBR273C,1,0
YGR040W,YDL128W,1,0
YBR160W,YBR200W,1,0
YJL187C,YKR071C,1,0
YPL026C,YGR199W,1,0
YNL307C,YML045WA,1,0
YHL007C,YMR165C,1,0
YLR248W,YBR108W,1,0
YHR082C,YDR330W,1,0
YGL180W,YPL257WA,1,0
YHR135C,YGL207W,1,0
YHR135C,YBL047C,1,0
YPL031C,YOL021C,1,0
YHR079C,YDR259C,1,0
YIL095W,YDL153C,1,0
YHR135C,YHR073W,1,0
YPL026C,YAL028W,1,0
YJR059W,YOL082W,1,0
YJL164C,YGR249W,1,0
YHR135C,YDR328C,1,0
YNL020C,YKL033W,1,0
YJR059W,YJL051W,1,0
YNL298W,YCR002C,1,0
YDR477W,YDR422C,1,0
YDR490C,YPL203W,0,0
YKL116C,YGL210W,1,0
YFR014C,YGL205W,1,0
YGL180W,YGL208W,1,0
YNL307C,YJR043C,1,0
YDL028C,YGL086W,1,0
YHR082C,YBL061C,1,0
YOR267C,YBR086C,1,0
YBR160W,YDL220C,1,0
YPL031C,YGR167W,1,0
YPL141C,YDR152W,1,0
YNL154C,YLL043W,1,0
YDR477W,YNR013C,1,0
YPL031C,YHL027W,1,0
YNL154C,YFR029W,1,0
YBL016W,YLR394W,1,0
YBR160W,YNL186W,1,0
YPL031C,YMR048W,1,0
YGL019W,YGR082W,1,0
YBR160W,YEL065W,1,0
YJL164C,YDR439W,1,0
YDL108W,YOR174W,1,0
YJL164C,YPL056C,1,0
YBR160W,YDL017W,1,0
YPL031C,YHL024W,1,0
YDL101C,YKR097W,1,0
YJL106W,YPL254W,1,0
YDL101C,YDR171W,1,0
YJL187C,YNL272C,1,0
YBR059C,YGL172W,1,0
YGR040W,YDL159W,1,0
YFR014C,YPL146C,1,0
YNL154C,YNL186W,1,0
YJL165C,YPR119W,1,0
YBR160W,YLR006C,1,0
YDL108W,YER064C,1,0
YIL035C,YER122C,1,0
YJL187C,YFR021W,1,0
YBR059C,YDR229W,1,0
YGL180W,YPR143W,1,0
YAL017W,YNR047W,1,0
YHR135C,YKR094C,1,0
YPL150W,YHL021C,1,0
YJL106W,YPR067W,1,0
YJR059W,YNL186W,1,0
YJL187C,YGL207W,1,0
YJL095W,YMR155W,1,0
YPL031C,YGR180C,1,0
YIL035C,YKL089W,1,0
YDR247W,YMR140W,1,0
YGL059W,YJL070C,1,0
YER123W,YMR153W,1,0
YHR082C,YBR273C,1,0
YGL158W,YKR048C,1,0
YGL059W,YFL050C,1,0
YCR008W,YKL073W,1,0
YJL187C,YPL181W,1,0
YGL059W,YOR134W,1,0
YAR019C,YAR019C,1,0
YPL031C,YKR090W,1,0
YDL017W,YBL023C,1,0
YBR160W,YEL032W,1,0
YPL204W,YGR167W,1,0
YPL141C,YDL002C,1,0
YNL154C,YFL023W,1,0
YKL166C,YIL033C,1,0
YBR160W,YBR138C,1,0
YFR014C,YLR274W,1,0
YNL307C,YDR379W,1,0
YDL017W,YGL201C,1,0
YJL165C,YOL122C,1,0
YBL016W,YER098W,1,0
YHR082C,YML083C,1,0
YFR014C,YNL027W,1,0
YBR160W,YBL024W,1,0
YGR040W,YDR034CC,1,0
YPL031C,YPL139C,1,0
YNL154C,YNL116W,1,0
YHR082C,YDL033C,1,0
YHL007C,YDR023W,1,0
YHR135C,YLR030W,1,0
YMR216C,YKR009C,1,0
YPL031C,YJL070C,1,0
YPL031C,YGR028W,1,0
YPL031C,YPL266W,1,0
YGL059W,YJL164C,1,0
YKL048C,YGL035C,1,0
YHL007C,YDR251W,1,0
YJL165C,YOR210W,1,0
YOR267C,YPR160W,1,0
YJL164C,YLR192C,1,0
YJL164C,YFL001W,1,0
YKL166C,YIL172C,1,0
YPL209C,YLR192C,1,0
YJL164C,YGL205W,1,0
YIL095W,YMR053C,1,0
YHR135C,YDR196C,1,0
YBR160W,YPL269W,1,0
YGL180W,YLL043W,1,0
YJR059W,YLR259C,1,0
YGL158W,YLL057C,1,0
YMR139W,YMR165C,1,0
YFR014C,YLR451W,1,0
YJL164C,YNL189W,1,0
YCR091W,YGR276C,1,0
YJL187C,YGL105W,1,0
YJR059W,YOR028C,1,0
YBR160W,YLR035CA,1,0
YKL048C,YHR005C,1,0
YJL187C,YAR014C,1,0
YGL180W,YNL173C,1,0
YPL031C,YPR019W,1,0
YJR059W,YGL205W,1,0
YIL095W,YNR006W,1,0
YDL214C,YHL018W,1,0
YNL154C,YBR055C,1,0
YBL016W,YKL064W,1,0
YFL029C,YPR161C,1,0
YBR160W,YDR379W,1,0
YDR477W,YIL044C,1,0
YGL059W,YKL181W,1,0
YGL180W,YIL077C,1,0
YOL113W,YOL062C,1,0
YJL164C,YDR172W,1,0
YPL031C,YHL040C,1,0
YBR160W,YJR033C,1,0
YNL154C,YDR034CC,1,0
YGL158W,YNL212W,1,0
YBR160W,YJR059W,1,0
YGL179C,YGL035C,1,0
YGR040W,YGL061C,1,0
YOR267C,YDR023W,1,0
YHR135C,YJL148W,1,0
YGR040W,YNL272C,1,0
YBL016W,YPL146C,1,0
YJL095W,YDL019C,1,0
YNL154C,YBR042C,1,0
YGR040W,YFL011W,1,0
YOL113W,YDL153C,1,0
YNL154C,YOR208W,1,0
YJL164C,YLR319C,1,0
YPL031C,YDL203C,1,0
YBR059C,YGR240C,1,0
YJL095W,YGL245W,1,0
YLR096W,YNL186W,1,0
YPL141C,YJR141W,1,0
YGR092W,YFR033C,1,0
YOL001W,YFR034C,1,0
YGL180W,YGL180W,1,0
YPL204W,YJR125C,1,0
YNL154C,YNL010W,1,0
YJL164C,YKL181W,1,0
YBR160W,YER008C,1,0
YGR092W,YPR091C,1,0
YBR160W,YHL050C,1,0
YJL106W,YNL116W,1,0
YHR135C,YKL042W,1,0
YPL031C,YNL314W,1,0
YJL164C,YGR159C,1,0
YKL166C,YOL016C,1,0
YGL180W,YDL115C,1,0
YHR135C,YJR072C,1,0
YJL164C,YHL019C,1,0
YPL031C,YLR238W,1,0
YFR014C,YGL105W,1,0
YPL031C,YPL193W,1,0
YOR061W,YGR140W,1,0
YFR014C,YKR071C,1,0
YJR059W,YOR229W,1,0
YHR079C,YBL007C,1,0
YDL028C,YNL116W,1,0
YJR059W,YKR100C,1,0
YPL031C,YMR182C,1,0
YDR247W,YJR049C,1,0
YPL031C,YHR012W,1,0
YJL095W,YNL135C,1,0
YGR092W,YBR038W,1,0
YKL166C,YMR184W,1,0
YPL141C,YDL135C,1,0
YPL153C,YLR176C,1,0
YBR160W,YKR097W,1,0
YHR135C,YLR277C,1,0
YHR079C,YPL150W,1,0
YGL180W,YDR439W,1,0
YGL179C,YGL056C,1,0
YJL187C,YOR101W,1,0
YFR014C,YKL127W,1,0
YHR135C,YMR316W,1,0
YPL150W,YNL186W,1,0
YJL095W,YDL070W,1,0
YFL033C,YPL031C,1,0
YNL307C,YMR115W,1,0
YPL031C,YOL060C,1,0
YJL164C,YPR152C,1,0
YGL180W,YDR330W,1,0
YJL164C,YPL257WA,1,0
YGL059W,YKL166C,1,0
YHR135C,YAL028W,1,0
YIL035C,YMR036C,1,0
YBR160W,YGR221C,1,0
YNL154C,YGL207W,1,0
YHL007C,YBR200W,1,0
YOR351C,YCR073WA,1,0
YNL154C,YOR078W,1,0
YOR061W,YJR093C,1,0
YGL059W,YCR073WA,1,0
YPL204W,YDR099W,1,0
YPL031C,YIL077C,1,0
YHL007C,YML037C,1,0
YBR059C,YHR161C,1,0
YGL059W,YJR059W,1,0
YPL031C,YHL009C,1,0
YPL141C,YBR155W,1,0
YGL180W,YPL133C,1,0
YDL214C,YKR092C,1,0
YJL164C,YLR301W,1,0
YPL141C,YOL125W,1,0
YDL127W,YFR034C,1,0
YDR477W,YJL080C,1,0
YPL031C,YPL279C,1,0
YGL179C,YKR092C,1,0
YHR135C,YHR156C,1,0
YPL256C,YIL149C,1,0
YPL042C,YMR037C,1,0
YJL095W,YGL207W,1,0
YHR135C,YPL257WA,1,0
YNL020C,YGR197C,1,0
YCR073C,YNL284CA,1,0
YKL101W,YOR168W,1,0
YJL164C,YMR067C,1,0
YKL116C,YLR015W,1,0
YGR262C,YGR262C,1,0
YJL057C,YHR185C,1,0
YGR040W,YIL036W,1,0
YNL154C,YNL001W,1,0
YJL187C,YLR350W,1,0
YJL106W,YBR108W,1,0
YPL031C,YML004C,1,0
YHR135C,YDR330W,1,0
YGR040W,YBR162C,1,0
YNL154C,YMR046C,1,0
YGL158W,YOL125W,1,0
YPR119W,YPL209C,1,0
YHR082C,YMR102C,1,0
YGL180W,YNL182C,1,0
YHR079C,YOR391C,1,0
YPL031C,YNL186W,1,0
YPL031C,YML058WA,1,0
YGR092W,YLR007W,1,0
YPL031C,YOL103WA,1,0
YPL031C,YPL190C,1,0
YFL033C,YMR155W,1,0
YPL209C,YHR090C,1,0
YPL031C,YDR113C,1,0
YHR135C,YML045WA,1,0
YBR059C,YLR206W,1,0
YHR082C,YFR048W,1,0
YPL150W,YIL057C,1,0
YGR040W,YMR229C,1,0
YGR092W,YDR293C,1,0
YGL180W,YMR165C,1,0
YHL007C,YGR276C,1,0
YPL031C,YFL028C,1,0
YBR059C,YER131W,1,0
YDL101C,YAR019C,1,0
YPL031C,YER048C,1,0
YPL031C,YER116C,1,0
YHL007C,YLR314C,1,0
YHR082C,YNL027W,1,0
YJL095W,YPL191C,1,0
YNL154C,YMR140W,1,0
YPL031C,YML086C,1,0
YHR135C,YGR108W,1,0
YFR014C,YDR486C,1,0
YOR351C,YDR323C,1,0
YPL209C,YOR198C,1,0
YPL031C,YOR251C,1,0
YLR096W,YDR151C,1,0
YOR233W,YAR019C,1,0
YIL035C,YJR044C,1,0
YJL164C,YEL032W,1,0
YNL154C,YNL073W,1,0
YGL180W,YML062C,1,0
YIL095W,YLR303W,1,0
YJL095W,YLL008W,1,0
YNL154C,YOR362C,1,0
YPL153C,YGR276C,1,0
YHR082C,YPL150W,1,0
YHR135C,YMR049C,1,0
YPL204W,YGR276C,1,0
YPL031C,YBL023C,1,0
YDR490C,YHR205W,1,0
YFR014C,YLL043W,1,0
YHR135C,YJL105W,1,0
YBR160W,YDL189W,1,0
YPL153C,YAR002W,1,0
YJR059W,YMR165C,1,0
YGL179C,YKR071C,1,0
YAL017W,YOL125W,1,0
YJR059W,YIL109C,1,0
YJL164C,YGR008C,1,0
YNL154C,YBR270C,1,0
YLR113W,YLR248W,1,0
YGR052W,YJL105W,1,0
YKL171W,YPL240C,1,0
YJL187C,YGR240C,1,0
YGL180W,YFR024CA,1,0
YMR104C,YMR109W,1,0
YJL095W,YFL023W,1,0
YOR267C,YML096W,1,0
YGL059W,YBR170C,1,0
YOL100W,YOL077C,1,0
YHR135C,YBL061C,1,0
YJL164C,YBL057C,1,0
YKL116C,YMR184W,1,0
YBR160W,YPL255W,1,0
YGL158W,YGR276C,1,0
YGL059W,YGR267C,1,0
YPL209C,YFR046C,1,0
YHR135C,YAR014C,1,0
YPL031C,YHR157W,1,0
YDR477W,YML111W,1,0
YHR079C,YBL103C,1,0
YFR014C,YJL124C,1,0
YJL164C,YJL110C,1,0
YPL031C,YFL030W,1,0
YGL059W,YJR049C,1,0
YGR092W,YNL155W,1,0
YKL067W,YKL067W,1,0
YDR477W,YHR073W,1,0
YGL179C,YPL222W,1,0
YLR096W,YLR345W,1,0
YNL307C,YOR207C,1,0
YDR507C,YLR242C,1,0
YNL307C,YKL101W,1,0
YDR477W,YGL023C,1,0
YPL153C,YPL150W,1,0
YPL031C,YJR154W,1,0
YFR014C,YML062C,1,0
YMR216C,YNL027W,1,0
YGR092W,YMR165C,1,0
YFL033C,YOR380W,1,0
YJL187C,YER079W,1,0
YLR248W,YOR018W,1,0
YBL016W,YDL173W,1,0
YBR160W,YJL157C,1,0
YJL165C,YPR160W,1,0
YGL180W,YDR153C,1,0
YJL165C,YMR165C,1,0
YPL031C,YHR128W,1,0
YGL059W,YLL029W,1,0
YHR079C,YER093CA,1,0
YIL095W,YJL184W,1,0
YER123W,YDR080W,1,0
YDR477W,YPL146C,1,0
YGL158W,YML042W,1,0
YOR061W,YDR005C,1,0
YJL165C,YCR099C,1,0
YJL164C,YJL146W,1,0
YGR092W,YDR226W,1,0
YHR135C,YOR054C,1,0
YOR351C,YPL100W,1,0
YNL154C,YPL217C,1,0
YHR135C,YDR023W,1,0
YGL059W,YPL240C,1,0
YMR216C,YMR173W,1,0
YHR135C,YPR158WA,1,0
YKL166C,YOR068C,1,0
YJL164C,YFR034C,1,0
YNL154C,YDR266C,1,0
YHR135C,YGR027WA,1,0
YBR160W,YPL155C,1,0
YHR135C,YCL014W,1,0
YPL031C,YPR158WA,1,0
YHR135C,YEL017W,1,0
YPL031C,YGL180W,1,0
YHR205W,YFL033C,1,0
YHR079C,YBR197C,1,0
YHR135C,YMR229C,1,0
YFR014C,YGR135W,1,0
YBL016W,YBR083W,1,0
YKL166C,YGL184C,1,0
YPL031C,YBR019C,1,0
YHR082C,YBL067C,1,0
YJL106W,YDL070W,1,0
